id,name,officialNameStatus,programmeComponent,measureType,scaleDisplay,normalizedFormula,denominatorPopulation,sourceDocument,sourceSection,sourceItemCode,sourcePage,reportingLevel,lowestReportingLevel,whoPillars,relatedElementIds,relatedIndicatorIds,crosswalkStatus,url
IND-UIP3-001,Sessions held as per plan,Verbatim source-table/text label,Session delivery and quality,Count,count,Source-defined aggregation or count,Not applicable—absolute number of sessions held as planned,"Intensified Mission Indradhanush: Identify, enlist, mobilize, vaccinate, monitor and report to achieve full immunization",Chapter 13: Intensified Mission Indradhanush Session monitoring indicators,SM-01,PDF pages 58–59 (printed pages 40–41),Session/community; block; district; state; national,Session/community,Service delivery; Health information systems,HMIS-DE-0149; HMIS-DE-0150; HMIS-OUT-149,IND-UIP-004,Curated concept link to existing registry/HMIS object; definitions remain separate,https://nhm.gov.in/New_Updates_2018/NHM_Components/Immunization/Guildelines_for_immunization/Mission_Indradhanush_Guidelines.pdf
IND-UIP3-002,Reasons for sessions not held,Verbatim source-table/text label,Session delivery and quality,Index,categorical distribution,Source-defined assessment or summary statistic,Sessions not held,"Intensified Mission Indradhanush: Identify, enlist, mobilize, vaccinate, monitor and report to achieve full immunization",Chapter 13: Intensified Mission Indradhanush Session monitoring indicators,SM-02,PDF pages 58–59 (printed pages 40–41),Session/community; block; district; state; national,Session/community,Service delivery; Health information systems,,,No reviewed registry crosswalk yet,https://nhm.gov.in/New_Updates_2018/NHM_Components/Immunization/Guildelines_for_immunization/Mission_Indradhanush_Guidelines.pdf
IND-UIP3-003,Percentage of sessions found held among monitored HRAs (can be generated by type of HRAs),Verbatim source-table/text label,Session delivery and quality,Percentage/proportion,%,(numerator ÷ denominator) × 100,Planned sessions monitored in high-risk areas,"Intensified Mission Indradhanush: Identify, enlist, mobilize, vaccinate, monitor and report to achieve full immunization",Chapter 13: Intensified Mission Indradhanush Session monitoring indicators,SM-03,PDF pages 58–59 (printed pages 40–41),Session/community; block; district; state; national,Session/community,Service delivery; Health information systems,,,No reviewed registry crosswalk yet,https://nhm.gov.in/New_Updates_2018/NHM_Components/Immunization/Guildelines_for_immunization/Mission_Indradhanush_Guidelines.pdf
IND-UIP3-004,ANMs/ASHAs having due list,Verbatim source-table/text label,Session delivery and quality,Percentage/proportion,%,(numerator ÷ denominator) × 100,ANMs/ASHAs observed at monitored sessions,"Intensified Mission Indradhanush: Identify, enlist, mobilize, vaccinate, monitor and report to achieve full immunization",Chapter 13: Intensified Mission Indradhanush Session monitoring indicators,SM-04,PDF pages 58–59 (printed pages 40–41),Session/community; block; district; state; national,Session/community,Service delivery; Health information systems; Health workforce,,,No reviewed registry crosswalk yet,https://nhm.gov.in/New_Updates_2018/NHM_Components/Immunization/Guildelines_for_immunization/Mission_Indradhanush_Guidelines.pdf
IND-UIP3-005,IEC display status,Verbatim source-table/text label,Session delivery and quality,Percentage/proportion,%,(numerator ÷ denominator) × 100,Monitored session sites,"Intensified Mission Indradhanush: Identify, enlist, mobilize, vaccinate, monitor and report to achieve full immunization",Chapter 13: Intensified Mission Indradhanush Session monitoring indicators,SM-05,PDF pages 58–59 (printed pages 40–41),Session/community; block; district; state; national,Session/community,Service delivery; Health information systems,,IND-UIP-004,Curated concept link to existing registry/HMIS object; definitions remain separate,https://nhm.gov.in/New_Updates_2018/NHM_Components/Immunization/Guildelines_for_immunization/Mission_Indradhanush_Guidelines.pdf
IND-UIP3-006,Availability of vaccines,Verbatim source-table/text label,Session delivery and quality,Percentage/proportion,%,(numerator ÷ denominator) × 100,Monitored session sites,"Intensified Mission Indradhanush: Identify, enlist, mobilize, vaccinate, monitor and report to achieve full immunization",Chapter 13: Intensified Mission Indradhanush Session monitoring indicators,SM-06,PDF pages 58–59 (printed pages 40–41),Session/community; block; district; state; national,Session/community,"Service delivery; Health information systems; Medical products, vaccines and technologies",,IND-UIP-005,Curated concept link to existing registry/HMIS object; definitions remain separate,https://nhm.gov.in/New_Updates_2018/NHM_Components/Immunization/Guildelines_for_immunization/Mission_Indradhanush_Guidelines.pdf
IND-UIP3-007,Reason analysis on non-availability of any vaccine,Verbatim source-table/text label,Session delivery and quality,Index,categorical distribution,Source-defined assessment or summary statistic,Monitored session sites where one or more vaccines were unavailable,"Intensified Mission Indradhanush: Identify, enlist, mobilize, vaccinate, monitor and report to achieve full immunization",Chapter 13: Intensified Mission Indradhanush Session monitoring indicators,SM-07,PDF pages 58–59 (printed pages 40–41),Session/community; block; district; state; national,Session/community,"Service delivery; Health information systems; Medical products, vaccines and technologies",,,No reviewed registry crosswalk yet,https://nhm.gov.in/New_Updates_2018/NHM_Components/Immunization/Guildelines_for_immunization/Mission_Indradhanush_Guidelines.pdf
IND-UIP3-008,Indicators on AEFI and implementation of OVP,Verbatim source-table/text label,Session delivery and quality,Index,assessment score/status,Source-defined assessment or summary statistic,Monitored session sites,"Intensified Mission Indradhanush: Identify, enlist, mobilize, vaccinate, monitor and report to achieve full immunization",Chapter 13: Intensified Mission Indradhanush Session monitoring indicators,SM-08,PDF pages 58–59 (printed pages 40–41),Session/community; block; district; state; national,Session/community,"Service delivery; Health information systems; Medical products, vaccines and technologies",HMIS-DE-0007,IND-UIP-006,Curated concept link to existing registry/HMIS object; definitions remain separate,https://nhm.gov.in/New_Updates_2018/NHM_Components/Immunization/Guildelines_for_immunization/Mission_Indradhanush_Guidelines.pdf
IND-UIP3-009,Availability of logistics as per microplan,Verbatim source-table/text label,Session delivery and quality,Percentage/proportion,%,(numerator ÷ denominator) × 100,Monitored session sites,"Intensified Mission Indradhanush: Identify, enlist, mobilize, vaccinate, monitor and report to achieve full immunization",Chapter 13: Intensified Mission Indradhanush Session monitoring indicators,SM-09,PDF pages 58–59 (printed pages 40–41),Session/community; block; district; state; national,Session/community,"Service delivery; Health information systems; Leadership and governance; Medical products, vaccines and technologies",,,No reviewed registry crosswalk yet,https://nhm.gov.in/New_Updates_2018/NHM_Components/Immunization/Guildelines_for_immunization/Mission_Indradhanush_Guidelines.pdf
IND-UIP3-010,Indicators on safe injection practices,Verbatim source-table/text label,Session delivery and quality,Index,assessment score/status,Source-defined assessment or summary statistic,Observed injection-practice items at monitored sessions,"Intensified Mission Indradhanush: Identify, enlist, mobilize, vaccinate, monitor and report to achieve full immunization",Chapter 13: Intensified Mission Indradhanush Session monitoring indicators,SM-10,PDF pages 58–59 (printed pages 40–41),Session/community; block; district; state; national,Session/community,"Service delivery; Health information systems; Medical products, vaccines and technologies",,,No reviewed registry crosswalk yet,https://nhm.gov.in/New_Updates_2018/NHM_Components/Immunization/Guildelines_for_immunization/Mission_Indradhanush_Guidelines.pdf
IND-UIP3-011,Sessions visited by supervisors,Verbatim source-table/text label,Session delivery and quality,Count,count,Source-defined aggregation or count,Not applicable—absolute number of sessions visited by supervisors,"Intensified Mission Indradhanush: Identify, enlist, mobilize, vaccinate, monitor and report to achieve full immunization",Chapter 13: Intensified Mission Indradhanush Session monitoring indicators,SM-11,PDF pages 58–59 (printed pages 40–41),Session/community; block; district; state; national,Session/community,Service delivery; Health information systems; Health workforce,HMIS-DE-0149,,Curated concept link to existing registry/HMIS object; definitions remain separate,https://nhm.gov.in/New_Updates_2018/NHM_Components/Immunization/Guildelines_for_immunization/Mission_Indradhanush_Guidelines.pdf
IND-UIP3-012,Caregiver responses regarding proactive mobilization efforts,Verbatim source-table/text label,Session delivery and quality,Percentage/proportion,%,(numerator ÷ denominator) × 100,Caregivers interviewed during monitoring,"Intensified Mission Indradhanush: Identify, enlist, mobilize, vaccinate, monitor and report to achieve full immunization",Chapter 13: Intensified Mission Indradhanush Session monitoring indicators,SM-12,PDF pages 58–59 (printed pages 40–41),Session/community; block; district; state; national,Session/community,Service delivery; Health information systems,,,No reviewed registry crosswalk yet,https://nhm.gov.in/New_Updates_2018/NHM_Components/Immunization/Guildelines_for_immunization/Mission_Indradhanush_Guidelines.pdf
IND-UIP3-013,Reason analysis on non-availability of any vaccinator,Verbatim source-table/text label,Session delivery and quality,Index,categorical distribution,Source-defined assessment or summary statistic,Planned sessions without an available vaccinator,"Intensified Mission Indradhanush: Identify, enlist, mobilize, vaccinate, monitor and report to achieve full immunization",Chapter 13: Intensified Mission Indradhanush Session monitoring indicators,SM-13,PDF pages 58–59 (printed pages 40–41),Session/community; block; district; state; national,Session/community,Service delivery; Health information systems; Health workforce,,,No reviewed registry crosswalk yet,https://nhm.gov.in/New_Updates_2018/NHM_Components/Immunization/Guildelines_for_immunization/Mission_Indradhanush_Guidelines.pdf
IND-UIP3-014,Dissemination of four key messages to caregivers.,Verbatim source-table/text label,Session delivery and quality,Percentage/proportion,%,(numerator ÷ denominator) × 100,Caregivers interviewed after vaccination,"Intensified Mission Indradhanush: Identify, enlist, mobilize, vaccinate, monitor and report to achieve full immunization",Chapter 13: Intensified Mission Indradhanush Session monitoring indicators,SM-14,PDF pages 58–59 (printed pages 40–41),Session/community; block; district; state; national,Session/community,Service delivery; Health information systems,,,No reviewed registry crosswalk yet,https://nhm.gov.in/New_Updates_2018/NHM_Components/Immunization/Guildelines_for_immunization/Mission_Indradhanush_Guidelines.pdf
IND-UIP3-015,ANM days planned/ utilized,Verbatim source-table/text label,Session delivery and quality,Ratio,ratio,numerator ÷ denominator,ANM-days planned,"Intensified Mission Indradhanush: Identify, enlist, mobilize, vaccinate, monitor and report to achieve full immunization",Chapter 13: Intensified Mission Indradhanush Session monitoring indicators,SM-15,PDF pages 58–59 (printed pages 40–41),Session/community; block; district; state; national,Session/community,Service delivery; Health information systems; Health workforce,,,No reviewed registry crosswalk yet,https://nhm.gov.in/New_Updates_2018/NHM_Components/Immunization/Guildelines_for_immunization/Mission_Indradhanush_Guidelines.pdf
IND-UIP3-016,Percentage of vacant sub centers with deployment of ANM,Verbatim source-table/text label,Session delivery and quality,Percentage/proportion,%,(numerator ÷ denominator) × 100,Vacant sub-centres requiring ANM deployment,"Intensified Mission Indradhanush: Identify, enlist, mobilize, vaccinate, monitor and report to achieve full immunization",Chapter 13: Intensified Mission Indradhanush Session monitoring indicators,SM-16,PDF pages 58–59 (printed pages 40–41),Session/community; block; district; state; national,Session/community,Service delivery; Health information systems; Health workforce,,,No reviewed registry crosswalk yet,https://nhm.gov.in/New_Updates_2018/NHM_Components/Immunization/Guildelines_for_immunization/Mission_Indradhanush_Guidelines.pdf
IND-UIP3-017,Number of Intensified Mission Indradhanush sessions held outside the ANM sub-center area/block,Verbatim source-table/text label,Session delivery and quality,Count,count,Source-defined aggregation or count,Not applicable—absolute number of IMI sessions held outside the ANM sub-centre area/block,"Intensified Mission Indradhanush: Identify, enlist, mobilize, vaccinate, monitor and report to achieve full immunization",Chapter 13: Intensified Mission Indradhanush Session monitoring indicators,SM-17,PDF pages 58–59 (printed pages 40–41),Session/community; block; district; state; national,Session/community,Service delivery; Health information systems; Health workforce,,,No reviewed registry crosswalk yet,https://nhm.gov.in/New_Updates_2018/NHM_Components/Immunization/Guildelines_for_immunization/Mission_Indradhanush_Guidelines.pdf
IND-UIP3-018,Percentage of children due for any vaccine during Intensified Mission Indradhanush,Verbatim source-table/text label,House-to-house monitoring,Percentage/proportion,%,(numerator ÷ denominator) × 100,Children assessed during house-to-house monitoring,"Intensified Mission Indradhanush: Identify, enlist, mobilize, vaccinate, monitor and report to achieve full immunization",Chapter 13: Intensified Mission Indradhanush House-to-house monitoring indicators,HTH-01,PDF pages 58–59 (printed pages 40–41),Session/community; block; district; state; national,Session/community,"Service delivery; Health information systems; Medical products, vaccines and technologies",,IND-UIP-001,Curated concept link to existing registry/HMIS object; definitions remain separate,https://nhm.gov.in/New_Updates_2018/NHM_Components/Immunization/Guildelines_for_immunization/Mission_Indradhanush_Guidelines.pdf
IND-UIP3-019,Percentage of  children due in Indradhanush that got vaccinated with vaccine(s),Verbatim source-table/text label,House-to-house monitoring,Percentage/proportion,%,(numerator ÷ denominator) × 100,Children due for vaccination during IMI,"Intensified Mission Indradhanush: Identify, enlist, mobilize, vaccinate, monitor and report to achieve full immunization",Chapter 13: Intensified Mission Indradhanush House-to-house monitoring indicators,HTH-02,PDF pages 58–59 (printed pages 40–41),Session/community; block; district; state; national,Session/community,"Service delivery; Health information systems; Medical products, vaccines and technologies",,IND-UIP-002,Curated concept link to existing registry/HMIS object; definitions remain separate,https://nhm.gov.in/New_Updates_2018/NHM_Components/Immunization/Guildelines_for_immunization/Mission_Indradhanush_Guidelines.pdf
IND-UIP3-020,Percentage of children who received vaccines for the first time in Intensified Mission Indradhanush,Verbatim source-table/text label,House-to-house monitoring,Percentage/proportion,%,(numerator ÷ denominator) × 100,Children vaccinated during IMI,"Intensified Mission Indradhanush: Identify, enlist, mobilize, vaccinate, monitor and report to achieve full immunization",Chapter 13: Intensified Mission Indradhanush House-to-house monitoring indicators,HTH-03,PDF pages 58–59 (printed pages 40–41),Session/community; block; district; state; national,Session/community,"Service delivery; Health information systems; Medical products, vaccines and technologies",,IND-UIP-003,Curated concept link to existing registry/HMIS object; definitions remain separate,https://nhm.gov.in/New_Updates_2018/NHM_Components/Immunization/Guildelines_for_immunization/Mission_Indradhanush_Guidelines.pdf
IND-UIP3-021,Mobilization efforts: percentage awareness by ASHAs/AWWs/ANMs/others.,Verbatim source-table/text label,House-to-house monitoring,Percentage/proportion,%,(numerator ÷ denominator) × 100,Caregivers/households assessed during house-to-house monitoring,"Intensified Mission Indradhanush: Identify, enlist, mobilize, vaccinate, monitor and report to achieve full immunization",Chapter 13: Intensified Mission Indradhanush House-to-house monitoring indicators,HTH-04,PDF pages 58–59 (printed pages 40–41),Session/community; block; district; state; national,Session/community,Service delivery; Health information systems; Health workforce,,,No reviewed registry crosswalk yet,https://nhm.gov.in/New_Updates_2018/NHM_Components/Immunization/Guildelines_for_immunization/Mission_Indradhanush_Guidelines.pdf
IND-UIP3-022,Number of States where Steering Committees meeting held (Oct 2019 and Jan 2020),Verbatim source-table/text label,"Governance, preparedness and communication",Count,count,Source-defined aggregation or count,Not applicable—absolute number of states where Steering Committee meetings were held,Intensified Mission Indradhanush 2.0 Operational Guidelines,Annexure 20: Key dashboard indicators on Immunization (Google-sheet reporting),DASH-01,PDF pages 168–171 (printed pages 144–147),State; national,State,Service delivery; Health information systems; Leadership and governance,,,No reviewed registry crosswalk yet,https://nhm.gov.in/New_Updates_2018/NHM_Components/Immunization/Guildelines_for_immunization/IMI_2.0.pdf
IND-UIP3-023,% of States where Task Force meeting held,Verbatim source-table/text label,"Governance, preparedness and communication",Percentage/proportion,%,(numerator ÷ denominator) × 100,States implementing IMI 2.0,Intensified Mission Indradhanush 2.0 Operational Guidelines,Annexure 20: Key dashboard indicators on Immunization (Google-sheet reporting),DASH-02,PDF pages 168–171 (printed pages 144–147),State; national,State,Service delivery; Health information systems; Leadership and governance,,,No reviewed registry crosswalk yet,https://nhm.gov.in/New_Updates_2018/NHM_Components/Immunization/Guildelines_for_immunization/IMI_2.0.pdf
IND-UIP3-024,% of districts where DTFI held,Verbatim source-table/text label,"Governance, preparedness and communication",Percentage/proportion,%,(numerator ÷ denominator) × 100,Districts implementing IMI 2.0,Intensified Mission Indradhanush 2.0 Operational Guidelines,Annexure 20: Key dashboard indicators on Immunization (Google-sheet reporting),DASH-03,PDF pages 168–171 (printed pages 144–147),Block/planning unit; district; state; national,Block/planning unit,Service delivery; Health information systems,,,No reviewed registry crosswalk yet,https://nhm.gov.in/New_Updates_2018/NHM_Components/Immunization/Guildelines_for_immunization/IMI_2.0.pdf
IND-UIP3-025,% of districts where HRD Department official participated in the DTFI,Verbatim source-table/text label,"Governance, preparedness and communication",Percentage/proportion,%,(numerator ÷ denominator) × 100,Districts implementing IMI 2.0,Intensified Mission Indradhanush 2.0 Operational Guidelines,Annexure 20: Key dashboard indicators on Immunization (Google-sheet reporting),DASH-04,PDF pages 168–171 (printed pages 144–147),Block/planning unit; district; state; national,Block/planning unit,Service delivery; Health information systems; Leadership and governance,,,No reviewed registry crosswalk yet,https://nhm.gov.in/New_Updates_2018/NHM_Components/Immunization/Guildelines_for_immunization/IMI_2.0.pdf
IND-UIP3-026,% of districts where Urban Development Authority official participated in the DTFI,Verbatim source-table/text label,"Governance, preparedness and communication",Percentage/proportion,%,(numerator ÷ denominator) × 100,Districts implementing IMI 2.0,Intensified Mission Indradhanush 2.0 Operational Guidelines,Annexure 20: Key dashboard indicators on Immunization (Google-sheet reporting),DASH-05,PDF pages 168–171 (printed pages 144–147),Block/planning unit; district; state; national,Block/planning unit,Service delivery; Health information systems; Leadership and governance,,,No reviewed registry crosswalk yet,https://nhm.gov.in/New_Updates_2018/NHM_Components/Immunization/Guildelines_for_immunization/IMI_2.0.pdf
IND-UIP3-027,% of districts where Tribal Affairs Department official participated in the DTFI,Verbatim source-table/text label,"Governance, preparedness and communication",Percentage/proportion,%,(numerator ÷ denominator) × 100,Districts implementing IMI 2.0,Intensified Mission Indradhanush 2.0 Operational Guidelines,Annexure 20: Key dashboard indicators on Immunization (Google-sheet reporting),DASH-06,PDF pages 168–171 (printed pages 144–147),Block/planning unit; district; state; national,Block/planning unit,Service delivery; Health information systems; Leadership and governance,,,No reviewed registry crosswalk yet,https://nhm.gov.in/New_Updates_2018/NHM_Components/Immunization/Guildelines_for_immunization/IMI_2.0.pdf
IND-UIP3-028,% of districts where Minority Affairs Department official participated in the DTFI,Verbatim source-table/text label,"Governance, preparedness and communication",Percentage/proportion,%,(numerator ÷ denominator) × 100,Districts implementing IMI 2.0,Intensified Mission Indradhanush 2.0 Operational Guidelines,Annexure 20: Key dashboard indicators on Immunization (Google-sheet reporting),DASH-07,PDF pages 168–171 (printed pages 144–147),Block/planning unit; district; state; national,Block/planning unit,Service delivery; Health information systems; Leadership and governance,,,No reviewed registry crosswalk yet,https://nhm.gov.in/New_Updates_2018/NHM_Components/Immunization/Guildelines_for_immunization/IMI_2.0.pdf
IND-UIP3-029,% of districts where WCD Department official participated in the DTFI,Verbatim source-table/text label,"Governance, preparedness and communication",Percentage/proportion,%,(numerator ÷ denominator) × 100,Districts implementing IMI 2.0,Intensified Mission Indradhanush 2.0 Operational Guidelines,Annexure 20: Key dashboard indicators on Immunization (Google-sheet reporting),DASH-08,PDF pages 168–171 (printed pages 144–147),Block/planning unit; district; state; national,Block/planning unit,Service delivery; Health information systems; Leadership and governance,,,No reviewed registry crosswalk yet,https://nhm.gov.in/New_Updates_2018/NHM_Components/Immunization/Guildelines_for_immunization/IMI_2.0.pdf
IND-UIP3-030,% of districts where PRI official participated in the DTFI,Verbatim source-table/text label,"Governance, preparedness and communication",Percentage/proportion,%,(numerator ÷ denominator) × 100,Districts implementing IMI 2.0,Intensified Mission Indradhanush 2.0 Operational Guidelines,Annexure 20: Key dashboard indicators on Immunization (Google-sheet reporting),DASH-09,PDF pages 168–171 (printed pages 144–147),Block/planning unit; district; state; national,Block/planning unit,Service delivery; Health information systems; Leadership and governance,,,No reviewed registry crosswalk yet,https://nhm.gov.in/New_Updates_2018/NHM_Components/Immunization/Guildelines_for_immunization/IMI_2.0.pdf
IND-UIP3-031,% of districts where Youth Affairs and Sports Department official participated in the DTFI,Verbatim source-table/text label,"Governance, preparedness and communication",Percentage/proportion,%,(numerator ÷ denominator) × 100,Districts implementing IMI 2.0,Intensified Mission Indradhanush 2.0 Operational Guidelines,Annexure 20: Key dashboard indicators on Immunization (Google-sheet reporting),DASH-10,PDF pages 168–171 (printed pages 144–147),Block/planning unit; district; state; national,Block/planning unit,Service delivery; Health information systems; Leadership and governance,,,No reviewed registry crosswalk yet,https://nhm.gov.in/New_Updates_2018/NHM_Components/Immunization/Guildelines_for_immunization/IMI_2.0.pdf
IND-UIP3-032,% of block/PUs submitted updated IMI 2.0 microplan at district,Verbatim source-table/text label,"Governance, preparedness and communication",Percentage/proportion,%,(numerator ÷ denominator) × 100,Blocks/planning units where IMI 2.0 is planned,Intensified Mission Indradhanush 2.0 Operational Guidelines,Annexure 20: Key dashboard indicators on Immunization (Google-sheet reporting),DASH-11,PDF pages 168–171 (printed pages 144–147),Block/planning unit; district; state; national,Block/planning unit,Service delivery; Health information systems; Leadership and governance,,,No reviewed registry crosswalk yet,https://nhm.gov.in/New_Updates_2018/NHM_Components/Immunization/Guildelines_for_immunization/IMI_2.0.pdf
IND-UIP3-033,% district completed self-assessment,Verbatim source-table/text label,"Governance, preparedness and communication",Percentage/proportion,%,(numerator ÷ denominator) × 100,Districts where IMI 2.0 is planned,Intensified Mission Indradhanush 2.0 Operational Guidelines,Annexure 20: Key dashboard indicators on Immunization (Google-sheet reporting),DASH-12,PDF pages 168–171 (printed pages 144–147),Block/planning unit; district; state; national,Block/planning unit,Service delivery; Health information systems; Leadership and governance,,,No reviewed registry crosswalk yet,https://nhm.gov.in/New_Updates_2018/NHM_Components/Immunization/Guildelines_for_immunization/IMI_2.0.pdf
IND-UIP3-034,% district completed iCIP,Verbatim source-table/text label,"Governance, preparedness and communication",Percentage/proportion,%,(numerator ÷ denominator) × 100,Districts where IMI 2.0 is planned,Intensified Mission Indradhanush 2.0 Operational Guidelines,Annexure 20: Key dashboard indicators on Immunization (Google-sheet reporting),DASH-13,PDF pages 168–171 (printed pages 144–147),Block/planning unit; district; state; national,Block/planning unit,Service delivery; Health information systems; Leadership and governance,,,No reviewed registry crosswalk yet,https://nhm.gov.in/New_Updates_2018/NHM_Components/Immunization/Guildelines_for_immunization/IMI_2.0.pdf
IND-UIP3-035,% of states where State AEFI committee meeting held,Verbatim source-table/text label,"Governance, preparedness and communication",Percentage/proportion,%,(numerator ÷ denominator) × 100,States where IMI 2.0 is planned,Intensified Mission Indradhanush 2.0 Operational Guidelines,Annexure 20: Key dashboard indicators on Immunization (Google-sheet reporting),DASH-14,PDF pages 168–171 (printed pages 144–147),State; national,State,Service delivery; Health information systems; Leadership and governance,,,No reviewed registry crosswalk yet,https://nhm.gov.in/New_Updates_2018/NHM_Components/Immunization/Guildelines_for_immunization/IMI_2.0.pdf
IND-UIP3-036,% of districts where District AEFI committee meeting held,Verbatim source-table/text label,"Governance, preparedness and communication",Percentage/proportion,%,(numerator ÷ denominator) × 100,Districts where IMI 2.0 is planned,Intensified Mission Indradhanush 2.0 Operational Guidelines,Annexure 20: Key dashboard indicators on Immunization (Google-sheet reporting),DASH-15,PDF pages 168–171 (printed pages 144–147),Block/planning unit; district; state; national,Block/planning unit,Service delivery; Health information systems; Leadership and governance,,,No reviewed registry crosswalk yet,https://nhm.gov.in/New_Updates_2018/NHM_Components/Immunization/Guildelines_for_immunization/IMI_2.0.pdf
IND-UIP3-037,% of IMI 2.0 districts with communication plans prepared,Verbatim source-table/text label,"Governance, preparedness and communication",Percentage/proportion,%,(numerator ÷ denominator) × 100,Districts where IMI 2.0 is planned,Intensified Mission Indradhanush 2.0 Operational Guidelines,Annexure 20: Key dashboard indicators on Immunization (Google-sheet reporting),DASH-16,PDF pages 168–171 (printed pages 144–147),Block/planning unit; district; state; national,Block/planning unit,Service delivery; Health information systems; Leadership and governance,,,No reviewed registry crosswalk yet,https://nhm.gov.in/New_Updates_2018/NHM_Components/Immunization/Guildelines_for_immunization/IMI_2.0.pdf
IND-UIP3-038,% block/planning units with communication plans prepared,Verbatim source-table/text label,"Governance, preparedness and communication",Percentage/proportion,%,(numerator ÷ denominator) × 100,Blocks/planning units where IMI 2.0 is planned,Intensified Mission Indradhanush 2.0 Operational Guidelines,Annexure 20: Key dashboard indicators on Immunization (Google-sheet reporting),DASH-17,PDF pages 168–171 (printed pages 144–147),Block/planning unit; district; state; national,Block/planning unit,Service delivery; Health information systems; Leadership and governance,,,No reviewed registry crosswalk yet,https://nhm.gov.in/New_Updates_2018/NHM_Components/Immunization/Guildelines_for_immunization/IMI_2.0.pdf
IND-UIP3-039,"% of IMI 2.0 districts completed BRIDGE trainings for FLW (ASHA, ANM and AWW)",Verbatim source-table/text label,"Governance, preparedness and communication",Percentage/proportion,%,(numerator ÷ denominator) × 100,Districts where IMI 2.0 is planned,Intensified Mission Indradhanush 2.0 Operational Guidelines,Annexure 20: Key dashboard indicators on Immunization (Google-sheet reporting),DASH-18,PDF pages 168–171 (printed pages 144–147),Block/planning unit; district; state; national,Block/planning unit,Service delivery; Health information systems; Health workforce,,,No reviewed registry crosswalk yet,https://nhm.gov.in/New_Updates_2018/NHM_Components/Immunization/Guildelines_for_immunization/IMI_2.0.pdf
IND-UIP3-040,% IMI 2.0 session sites with IEC material displayed,Verbatim source-table/text label,"Governance, preparedness and communication",Percentage/proportion,%,(numerator ÷ denominator) × 100,IMI 2.0 session sites visited by district officials,Intensified Mission Indradhanush 2.0 Operational Guidelines,Annexure 20: Key dashboard indicators on Immunization (Google-sheet reporting),DASH-19,PDF pages 168–171 (printed pages 144–147),Block/planning unit; district; state; national,Block/planning unit,Service delivery; Health information systems,,,No reviewed registry crosswalk yet,https://nhm.gov.in/New_Updates_2018/NHM_Components/Immunization/Guildelines_for_immunization/IMI_2.0.pdf
IND-UIP3-041,% IMI 2.0 districts with media workshops organized,Verbatim source-table/text label,"Governance, preparedness and communication",Percentage/proportion,%,(numerator ÷ denominator) × 100,Districts where IMI 2.0 is planned,Intensified Mission Indradhanush 2.0 Operational Guidelines,Annexure 20: Key dashboard indicators on Immunization (Google-sheet reporting),DASH-20,PDF pages 168–171 (printed pages 144–147),Block/planning unit; district; state; national,Block/planning unit,Service delivery; Health information systems; Leadership and governance,,,No reviewed registry crosswalk yet,https://nhm.gov.in/New_Updates_2018/NHM_Components/Immunization/Guildelines_for_immunization/IMI_2.0.pdf
IND-UIP3-042,Availability,Verbatim source-table/text label,Immunization data quality,Index,assessment score/status,Source-defined assessment or summary statistic,Records and reports assessed for physical/electronic availability,Intensified Mission Indradhanush 2.0 Operational Guidelines,Section 1.8.2: Data Quality Assessment,DQA-01,PDF page 55 (printed page 32),Facility/sub-centre; PHC/block; district; state; national,Facility/sub-centre,Service delivery; Health information systems,,,No reviewed registry crosswalk yet,https://nhm.gov.in/New_Updates_2018/NHM_Components/Immunization/Guildelines_for_immunization/IMI_2.0.pdf
IND-UIP3-043,Completeness,Verbatim source-table/text label,Immunization data quality,Index,assessment score/status,Source-defined assessment or summary statistic,Required immunization-related data fields assessed,Intensified Mission Indradhanush 2.0 Operational Guidelines,Section 1.8.2: Data Quality Assessment,DQA-02,PDF page 55 (printed page 32),Facility/sub-centre; PHC/block; district; state; national,Facility/sub-centre,Service delivery; Health information systems,,,No reviewed registry crosswalk yet,https://nhm.gov.in/New_Updates_2018/NHM_Components/Immunization/Guildelines_for_immunization/IMI_2.0.pdf
IND-UIP3-044,Agreement,Verbatim source-table/text label,Immunization data quality,Index,assessment score/status,Source-defined assessment or summary statistic,Pairs of documents or reports expected to contain the same data,Intensified Mission Indradhanush 2.0 Operational Guidelines,Section 1.8.2: Data Quality Assessment,DQA-03,PDF page 55 (printed page 32),Facility/sub-centre; PHC/block; district; state; national,Facility/sub-centre,Service delivery; Health information systems,,,No reviewed registry crosswalk yet,https://nhm.gov.in/New_Updates_2018/NHM_Components/Immunization/Guildelines_for_immunization/IMI_2.0.pdf
IND-UIP3-045,Consistency,Verbatim source-table/text label,Immunization data quality,Index,assessment score/status,Source-defined assessment or summary statistic,Immunization data checks assessed against expected system logic,Intensified Mission Indradhanush 2.0 Operational Guidelines,Section 1.8.2: Data Quality Assessment,DQA-04,PDF page 55 (printed page 32),Facility/sub-centre; PHC/block; district; state; national,Facility/sub-centre,Service delivery; Health information systems,,,No reviewed registry crosswalk yet,https://nhm.gov.in/New_Updates_2018/NHM_Components/Immunization/Guildelines_for_immunization/IMI_2.0.pdf
IND-UIP3-046,Percent of routine reports (zero reports) received on time,Verbatim source-table/text label,AEFI surveillance,Percentage/proportion,%,(numerator ÷ denominator) × 100,Expected routine zero reports,Adverse Event Following Immunization: Surveillance and Response Operational Guidelines 2024 — Executive Summary,Monitoring of AEFI surveillance,AEFI-R-01,Executive summary PDF pages 5–6,PHC/block; district; state; national,PHC/block,Service delivery; Health information systems,,,No reviewed registry crosswalk yet,https://cdsco.mohfw.gov.in/opencms/opencms/en/Post-Marketing-DSM/
IND-UIP3-047,Percent of AEFI cases line listed,Verbatim source-table/text label,AEFI surveillance,Percentage/proportion,%,(numerator ÷ denominator) × 100,Reported AEFI cases,Adverse Event Following Immunization: Surveillance and Response Operational Guidelines 2024 — Executive Summary,Monitoring of AEFI surveillance,AEFI-R-02,Executive summary PDF pages 5–6,PHC/block; district; state; national,PHC/block,Service delivery; Health information systems,HMIS-DE-0007,,Curated concept link to existing registry/HMIS object; definitions remain separate,https://cdsco.mohfw.gov.in/opencms/opencms/en/Post-Marketing-DSM/
IND-UIP3-048,Percent of Serious AEFI cases,Verbatim source-table/text label,AEFI surveillance,Percentage/proportion,%,(numerator ÷ denominator) × 100,All reported AEFI cases,Adverse Event Following Immunization: Surveillance and Response Operational Guidelines 2024 — Executive Summary,Monitoring of AEFI surveillance,AEFI-R-03,Executive summary PDF pages 5–6,PHC/block; district; state; national,PHC/block,Service delivery; Health information systems,HMIS-DE-0296; HMIS-DE-0297; HMIS-DE-0298,,Curated concept link to existing registry/HMIS object; definitions remain separate,https://cdsco.mohfw.gov.in/opencms/opencms/en/Post-Marketing-DSM/
IND-UIP3-049,Percent of Serious AEFI cases reported on time,Verbatim source-table/text label,AEFI surveillance,Percentage/proportion,%,(numerator ÷ denominator) × 100,Serious AEFI cases identified,Adverse Event Following Immunization: Surveillance and Response Operational Guidelines 2024 — Executive Summary,Monitoring of AEFI surveillance,AEFI-S-01,Executive summary PDF pages 5–6,PHC/block; district; state; national,PHC/block,Service delivery; Health information systems,HMIS-DE-0296,,Curated concept link to existing registry/HMIS object; definitions remain separate,https://cdsco.mohfw.gov.in/opencms/opencms/en/Post-Marketing-DSM/
IND-UIP3-050,Percent serious AEFI cases with Case Reporting Form (CRF) shared with the state and centre on time,Verbatim source-table/text label,AEFI surveillance,Percentage/proportion,%,(numerator ÷ denominator) × 100,Serious AEFI cases requiring a Case Reporting Form,Adverse Event Following Immunization: Surveillance and Response Operational Guidelines 2024 — Executive Summary,Monitoring of AEFI surveillance,AEFI-S-02,Executive summary PDF pages 5–6,PHC/block; district; state; national,PHC/block,Service delivery; Health information systems,,,No reviewed registry crosswalk yet,https://cdsco.mohfw.gov.in/opencms/opencms/en/Post-Marketing-DSM/
IND-UIP3-051,Percent of Serious AEFI cases investigated on time,Verbatim source-table/text label,AEFI surveillance,Percentage/proportion,%,(numerator ÷ denominator) × 100,Serious AEFI cases requiring investigation,Adverse Event Following Immunization: Surveillance and Response Operational Guidelines 2024 — Executive Summary,Monitoring of AEFI surveillance,AEFI-S-03,Executive summary PDF pages 5–6,PHC/block; district; state; national,PHC/block,Service delivery; Health information systems,,,No reviewed registry crosswalk yet,https://cdsco.mohfw.gov.in/opencms/opencms/en/Post-Marketing-DSM/
IND-UIP3-052,Percent of Serious AEFI cases with completed investigation,Verbatim source-table/text label,AEFI surveillance,Percentage/proportion,%,(numerator ÷ denominator) × 100,Serious AEFI cases requiring investigation,Adverse Event Following Immunization: Surveillance and Response Operational Guidelines 2024 — Executive Summary,Monitoring of AEFI surveillance,AEFI-S-04,Executive summary PDF pages 5–6,PHC/block; district; state; national,PHC/block,Service delivery; Health information systems,,,No reviewed registry crosswalk yet,https://cdsco.mohfw.gov.in/opencms/opencms/en/Post-Marketing-DSM/
IND-UIP3-053,Percent of Serious AEFI cases classified for causality by the state AEFI Committee on time,Verbatim source-table/text label,AEFI surveillance,Percentage/proportion,%,(numerator ÷ denominator) × 100,Serious AEFI cases eligible for causality classification,Adverse Event Following Immunization: Surveillance and Response Operational Guidelines 2024 — Executive Summary,Monitoring of AEFI surveillance,AEFI-S-05,Executive summary PDF pages 5–6,PHC/block; district; state; national,PHC/block,Service delivery; Health information systems; Leadership and governance,,,No reviewed registry crosswalk yet,https://cdsco.mohfw.gov.in/opencms/opencms/en/Post-Marketing-DSM/
IND-UIP3-054,Coverage for an antigen at any time,Verbatim source-table/text label,Routine coverage and dropout monitoring,Percentage/proportion,%,(numerator ÷ denominator) × 100,Yearly target population for the antigen,Immunization Handbook for Medical Officers,Unit 7: Sources and use of data — Coverage Monitoring Chart,RI-01,PDF pages 203–205 (printed pages 171–173),Sub-centre; PHC/block; district; state; national,Sub-centre,Service delivery; Health information systems,,IND-HMIS-IND-006; IND-HMIS-IND-007; IND-HMIS-IND-008; IND-HMIS-IND-009; IND-HMIS-IND-010,Curated concept link to existing registry/HMIS object; definitions remain separate,https://www.nhm.gov.in/New_Updates_2018/NHM_Components/Immunization/Guildelines_for_immunization/Immunization_Handbook_for_Medical_Officers%202017.pdf
IND-UIP3-055,Total number of dropouts,Verbatim source-table/text label,Routine coverage and dropout monitoring,Count,count,Source-defined aggregation or count,Not applicable—absolute difference between first-dose and later-dose cumulative totals,Immunization Handbook for Medical Officers,Unit 7: Sources and use of data — Coverage Monitoring Chart,RI-02,PDF pages 203–205 (printed pages 171–173),Sub-centre; PHC/block; district; state; national,Sub-centre,Service delivery; Health information systems,,,No reviewed registry crosswalk yet,https://www.nhm.gov.in/New_Updates_2018/NHM_Components/Immunization/Guildelines_for_immunization/Immunization_Handbook_for_Medical_Officers%202017.pdf
IND-UIP3-056,Number of unimmunized with Penta 3,Verbatim source-table/text label,Routine coverage and dropout monitoring,Count,count,Source-defined aggregation or count,Not applicable—absolute target population minus children receiving Penta 3,Immunization Handbook for Medical Officers,Unit 7: Sources and use of data — Coverage Monitoring Chart,RI-03,PDF pages 203–205 (printed pages 171–173),Sub-centre; PHC/block; district; state; national,Sub-centre,Service delivery; Health information systems,HMIS-DE-0058; HMIS-DE-0314,,Curated concept link to existing registry/HMIS object; definitions remain separate,https://www.nhm.gov.in/New_Updates_2018/NHM_Components/Immunization/Guildelines_for_immunization/Immunization_Handbook_for_Medical_Officers%202017.pdf
IND-UIP3-057,BCG- Penta 3 dropout rate,Verbatim source-table/text label,Routine coverage and dropout monitoring,Percentage/proportion,%,(numerator ÷ denominator) × 100,Children receiving BCG,Immunization Handbook for Medical Officers,Unit 7: Sources and use of data — Coverage Monitoring Chart,RI-04,PDF pages 203–205 (printed pages 171–173),Sub-centre; PHC/block; district; state; national,Sub-centre,Service delivery; Health information systems,,IND-HMIS-IND-011,Curated concept link to existing registry/HMIS object; definitions remain separate,https://www.nhm.gov.in/New_Updates_2018/NHM_Components/Immunization/Guildelines_for_immunization/Immunization_Handbook_for_Medical_Officers%202017.pdf
IND-UIP3-058,Penta 1- Penta 3 dropout rate,Verbatim source-table/text label,Routine coverage and dropout monitoring,Percentage/proportion,%,(numerator ÷ denominator) × 100,Children receiving Penta 1,Immunization Handbook for Medical Officers,Unit 7: Sources and use of data — Coverage Monitoring Chart,RI-05,PDF pages 203–205 (printed pages 171–173),Sub-centre; PHC/block; district; state; national,Sub-centre,Service delivery; Health information systems,HMIS-DE-0056; HMIS-DE-0058,IND-HMIS-IND-012,Curated concept link to existing registry/HMIS object; definitions remain separate,https://www.nhm.gov.in/New_Updates_2018/NHM_Components/Immunization/Guildelines_for_immunization/Immunization_Handbook_for_Medical_Officers%202017.pdf
IND-UIP3-059,BCG-MCV1 dropout rate,Verbatim source-table/text label,Routine coverage and dropout monitoring,Percentage/proportion,%,(numerator ÷ denominator) × 100,Children receiving BCG,Immunization Handbook for Medical Officers,Unit 7: Sources and use of data — Coverage Monitoring Chart,RI-06,PDF pages 203–205 (printed pages 171–173),Sub-centre; PHC/block; district; state; national,Sub-centre,Service delivery; Health information systems,,IND-HMIS-IND-011,Curated concept link to existing registry/HMIS object; definitions remain separate,https://www.nhm.gov.in/New_Updates_2018/NHM_Components/Immunization/Guildelines_for_immunization/Immunization_Handbook_for_Medical_Officers%202017.pdf
