indicator,definition,numerator,denominator,multiplying_factor,suggested_level,periodicity,source_page,source_table,source_version
ANC registration rate,% of pregnant women who used ANC care provided by skilled health personnel,Total ANC registered,Estimated pregnancies,100,"National, State, District/ Block","Annual, Semiannual",23,1,"NHSRC HMIS programme-manager training manual, public PDF hosted 2021"
Early registration rate,Proportion of women who were registered within first trimester (12weeks) of pregnancy,Total no. of ANC registered within first trimester (12weeks),Total ANC registered,100,"National, State, District/ Block","Quarterly, annual",23,1,"NHSRC HMIS programme-manager training manual, public PDF hosted 2021"
TT2/Booster coverage rate,% of women who were given TT2/Booster dose during current pregnancy,Total no. pregnant women given TT2/booster,Total ANC registered,100,"State, District/ Block","Annual, semiannual",23,1,"NHSRC HMIS programme-manager training manual, public PDF hosted 2021"
ANC 3 checkups rate,% of pregnant women who used antenatal care provided by skilled health personnel at least 3 times during pregnancy,Total ANC 3 check ups,Total ANC registered,100,"State, District/ Block","Annual, semiannual",23,1,"NHSRC HMIS programme-manager training manual, public PDF hosted 2021"
ANC 100 IFA coverage rate,% of women who were given at least 100 IFA tablets,Total no. of ANC women given 100 IFA tablets,Total ANC registered,100,"State, District/ Block","Annual, semiannual",23,1,"NHSRC HMIS programme-manager training manual, public PDF hosted 2021"
Full immunizat ion coverage rate,"% of children aged between 9 and 11 months who have been fully immunized (Child given one dose of BCG, three dosages of DPT i.e. DPT 1,2,3; three dosages of polio i.e. OPV 1,2,3 and a dosage of Measles)",Total Number of children aged between 9 and 11 months who have been fully immunized,Estimated children below 1 year,100,"National, State , District and Block","Annual, semiannual",25,1,"NHSRC HMIS programme-manager training manual, public PDF hosted 2021"
BCG Coverage rate,The percentage of live births that received BCG within one year,BCG dose under 1 year,Estimated children below 1 year,100,"National, State , District and Block","Annual, semiannual",25,1,"NHSRC HMIS programme-manager training manual, public PDF hosted 2021"
DPT3 Coverage rate,The percentage of children who received their 3 doses of DTP-3,DPT 3 dose under 1 year,Estimated children below 1 year,100,"National, State , District and Block","Annual, semiannual",25,1,"NHSRC HMIS programme-manager training manual, public PDF hosted 2021"
OPV3 Coverage rate,The percentage of children under 1 immunised with OPV dose 3.,OPV 3 dose under 1 year,Estimated children below 1 year,100,"National, State , District and Block","Annual, semiannual",26,1,"NHSRC HMIS programme-manager training manual, public PDF hosted 2021"
Measles coverage rate,The percentage of children who received their measles dose (normally at 9 months),Measles dose under 1 year,Estimated children below 1 year,100,"National, State , District and Block","Annual, semiannual",26,1,"NHSRC HMIS programme-manager training manual, public PDF hosted 2021"
BCG - measles dropout rates,% of children who dropped out of immunisation schedule between BCG dose measles dose,"Total number of infants (0-11 months), given BCG immunization- number of children given measles",Number of children given BCG,100,State and District,Annual,27,1,"NHSRC HMIS programme-manager training manual, public PDF hosted 2021"
DPT3 - Measles dropout rate,The percentage of children who dropped out of the immunisation schedule between the third doses (normally at 14 weeks) and the measles dose (normally at 9 months),Number of children given DPT 3 – number of children given measles,Number of children given DPT3,100,State and District,Annual,27,1,"NHSRC HMIS programme-manager training manual, public PDF hosted 2021"
Institutional delivery Rate (Public facilities ),% of deliveries conducted at public institution/facility,Deliveries at public institution/facility,Estimated deliveries,100,State and District,"Annual, semiannual",29,1,"NHSRC HMIS programme-manager training manual, public PDF hosted 2021"
Institutional delivery Rate,% of deliveries conducted at public and private institution/facility,Deliveries at public and private institution/facility,Estimated deliveries,100,State and District,"Annual, semiannual",29,1,"NHSRC HMIS programme-manager training manual, public PDF hosted 2021"
Home Delivery Rate,% of deliveries conducted at home,Number of home deliveries,Estimated deliveries,100,State and District,"Annual, semiannual",29,1,"NHSRC HMIS programme-manager training manual, public PDF hosted 2021"
Skilled Birth Attendant (SBA) Delivery Rate,Proportion of total deliveries assisted by a Skilled Birth Attendant (at home and at institutions),Deliveries by SBA (SBA Home + all Institutional deliveries),Total reported deliveries,100,State and District,"Quarterly, annual",29,1,"NHSRC HMIS programme-manager training manual, public PDF hosted 2021"
Caesarean section rate,Proportion of C- section deliveries out of total reported institutional deliveries.,Number. of caesarian section done,Total institutional deliveries (Caesarean section + Normal delivery),100,State and District,"Quarterly, annual",30,1,"NHSRC HMIS programme-manager training manual, public PDF hosted 2021"
PNC (within 48hrs) rate,% of women who received post natal care checkup done within 48 hrs of delivery,Number of women who received post partum check-ups within 48 hrs after deliver,Reported deliveries (Institutional + Home),100,"State, District and Block","Quarterly, annual",31,1,"NHSRC HMIS programme-manager training manual, public PDF hosted 2021"
PNC (between 48hrs & 14 days)rate,% of women who received post natal care checkup done between 48 hrs and 14 days of delivery,Number of women who received post partum check-ups between 48 hrs and 14 days of delivery,Reported deliveries (Institutional + Home),100,"State, District and Block","Quarterly, annual",31,1,"NHSRC HMIS programme-manager training manual, public PDF hosted 2021"
Contraceptive prevalence Rate (all methods),Proportion of eligible couples using family planning method.,All FP Users {sterilization(m ale & female)+IUD Inserted +Condom/72+ OCP/13},Number of eligible couples,100,State & District,Annually,33,1,"NHSRC HMIS programme-manager training manual, public PDF hosted 2021"
Sterilization coverage rate,Coverage contribution of sterilization to overall family planning method,,,,State & District,Annually,33,1,"NHSRC HMIS programme-manager training manual, public PDF hosted 2021"
IUD,Coverage contribution of IUD to overall family planning method,,,,State & District,Annually,33,1,"NHSRC HMIS programme-manager training manual, public PDF hosted 2021"
OCP,Coverage contribution of OCP to overall family planning method -,OCP USERS(OCP Cycles /13),eligible couples,100,State & District,Annually,34,1,"NHSRC HMIS programme-manager training manual, public PDF hosted 2021"
Condoms,Coverage contribution of OCP to overall family planning method -,Condom users(condom pieces distributed /72),eligible couples,100,State & District,Annually,34,1,"NHSRC HMIS programme-manager training manual, public PDF hosted 2021"
Proportion of Limiting methods,Coverage contribution of sterilization(all) to overall family planning method,all sterilizations(male &Female),All FP Users,100,State & District,Annually,34,1,"NHSRC HMIS programme-manager training manual, public PDF hosted 2021"
Proportion of Spacing methods,Coverage contribution of spacing (all) to overall family planning method,IUD Users++OCP Users+ Condom Users,eligible couples,100,State & District,Annually,34,1,"NHSRC HMIS programme-manager training manual, public PDF hosted 2021"
% newborns breastfed < 1 hour,Percentage of new born babies breastfed within one hour of birth,New born breastfed within one hour of birth,Total live births (as recorded),100,"National, State and District","Quarterly, annual",35,1,"NHSRC HMIS programme-manager training manual, public PDF hosted 2021"
Sex ratio at birth,Number of females born per 1000 males born in a give time period,Live Births females,Live Births males,1000,"National, State and District","Quarterly, annual",35,1,"NHSRC HMIS programme-manager training manual, public PDF hosted 2021"
Low birth weight rate,"Percentage of live born infants with a Birth weight under 2,500 grams",Live births with a birth weight < 2500g.,Live births weighed,100,"National, State and District","Quarterly, annual",35,1,"NHSRC HMIS programme-manager training manual, public PDF hosted 2021"
Neonatal mortality rate,"Neonatal mortality rate (NNMR) measures the number of live-born babies dying within 28 completed days of life per 1,000 live births.",Deaths in first 28 days,Live births,1000,,"Annual, semiannual",37,1,"NHSRC HMIS programme-manager training manual, public PDF hosted 2021"
Infant Death rate(IDR),"Infant Death rate (IDR) measures the number of deaths of infants under one year of age per 1,000 live births",Deaths of infants less than one year old (Neonatal death plus deaths in 1-12 months),live births,1000,"National, state and district. Below district even the data element by itself provides actionable information","Annual, semiannual",38,1,"NHSRC HMIS programme-manager training manual, public PDF hosted 2021"
Under 5 Mortality Rate,Under-five mortality rate measures the number of children who die before their fifth birthday per 1000 live births,Deaths Neonatal + Deaths infant + Deaths 1-5 years,live births,1000,"National, state and district. Below district even the data element by itself provides actionable information","Annual, semiannual",40,1,"NHSRC HMIS programme-manager training manual, public PDF hosted 2021"
Peri Natal Mortality Rate (PNMR),Peri-natal deaths comprise still births (gestation over 228 weeks / >1000 grams weight) plus early neonatal deaths (infants dying within 7 days).,Deaths Peri- natal (still births plus early neonatal in first week),Live Births.,1000,"National and below. Calculate and make predictive trend analysis only when we have at least 3,000 births, otherwise fluctuations will be too high.","Annual, semiannual",41,1,"NHSRC HMIS programme-manager training manual, public PDF hosted 2021"
Still birth rate,,Total no. of still births,Total births (Live birth + Still birth),,,,41,1,"NHSRC HMIS programme-manager training manual, public PDF hosted 2021"
Maternal Mortality Ratio,"The death of a woman while pregnant or within 42 days of delivery or termination of pregnancy, irrespective of the duration and site of the pregnancy, from any cause related to or aggravated by the pregnancy or its management but not from accidental causes.",Deaths Maternal,Number of live births,"1,00,000","National, State and District. Below District even the data element by itself provides actionable information","Annual, semiannu al",43,1,"NHSRC HMIS programme-manager training manual, public PDF hosted 2021"
ANC Moderately anaemic rate(Hb<11g m),Percentage of pregnant women tested to be moderately anaemic (Hb level <11g),"Pregnant women having tested for anaemia ,Hb<11g",Total ANC registered,100,"State, District, & Block","Quarterly, annual",45,1,"NHSRC HMIS programme-manager training manual, public PDF hosted 2021"
ANC hypertension new case detection rate,Percentage of pregnant women detected with hypertension/ high blood pressure (BP>140/90),Pregnant women detected BP>140/90,Total ANC registered,100,"State, District, & Block","Quarterly, annual",45,1,"NHSRC HMIS programme-manager training manual, public PDF hosted 2021"
ANC severely anaemic treated rate,Percentage of severely anaemic pregnant women treated ( Hb level <7g),Severely anaemic pregnant women treated (Hb<7g),Total ANC registration,100,"State, District, & Block","Quarterly, annual",45,1,"NHSRC HMIS programme-manager training manual, public PDF hosted 2021"
Eclampsia managemen t rate,% of eclampsia cases managed during delivery,Number of eclampsia cases managed during delivery,Total deliveries (home + institution),100,"State, District, & Block","Quarterly, annual",46,1,"NHSRC HMIS programme-manager training manual, public PDF hosted 2021"
JSY registration rate,% of pregnant women who were registered under JSY scheme.,Total JSY registration,Total ANC registered,100,"State, district/ block","Annual, semiannu al",47,1,"NHSRC HMIS programme-manager training manual, public PDF hosted 2021"
% Institutional Delivery Receiving JSY Benefit,Proportion of women who had institutional delivery received JSY benefit,Institutional Delivery women received JSY benefits,No. of pregnant women registered for JSY,100,"State, district/ block","Annual, semiannu al",47,1,"NHSRC HMIS programme-manager training manual, public PDF hosted 2021"
IPD as percentage of OPD,Proportion of IPD out of total OPD.,Total IPD,Total OPD,100,State and District,"Quarterly, annual",48,1,"NHSRC HMIS programme-manager training manual, public PDF hosted 2021"
Operation major (General and spinal anaesthesia) as %of OPD,Percentage of major operations conducted against total OPD attendance,Operation major (General and spinal anaesthesia),Total OPD,100,"State, District and Block","Annual, semiannua l",48,1,"NHSRC HMIS programme-manager training manual, public PDF hosted 2021"
Operation minor (No or local anaesthesia)a s % of OPD,Percentage of minor operations conducted against total OPD attendance,Operation minor (No or local anaesthesia),Total OPD,100,"State, District and Block","Annual, semiannual",49,1,"NHSRC HMIS programme-manager training manual, public PDF hosted 2021"
Dental utilization ratio,Dental Procedures as % of OPD,Dental Procedures,Total OPD,100,"State, District and Block","Annual, semiannual",49,1,"NHSRC HMIS programme-manager training manual, public PDF hosted 2021"
Bed occupancy rate,Percentage of bed occupancy against total beds available in a facility in a given time period,Sum of inpatient head count at midnight,Total Bed days available (total number of days for which indicator is calculated x total number of beds),100,Facility,"Annual, semiannual",49,1,"NHSRC HMIS programme-manager training manual, public PDF hosted 2021"
HIV positive as % of HIV tested,Proportion of HIV +ve cases(all)out of total tested for HIV.,Total number of patients who were found HIV+ve after test,Total HIV test conducted,100,"State, District and Block","Quarterly, annual",50,1,"NHSRC HMIS programme-manager training manual, public PDF hosted 2021"
Proportion of antenatal women tested for HIV,Proportion of pregnant women who were tested for HIV .,ANC tested for HIV,Total ANC Registration,100,"State, District and Block","Quarterly, annual",50,1,"NHSRC HMIS programme-manager training manual, public PDF hosted 2021"
HIV prevalence among antenatal (ANC) tested,Proportion of ANC who were found to be HIV +ve after test,Antenatal women tested and found HIV positive,Antenatal women tested for HIV,100,"State, District and Block","Quarterly, annual",50,1,"NHSRC HMIS programme-manager training manual, public PDF hosted 2021"
HIV prevalence among non ANC tested (excluding ANC women),Proportion of non- ANC who were found to be HIV +ve after test,HIV test positive (excluding antenatal),HIV tested (excluding antenatal),100,"State, District and Block","Quarterly, annual",50,1,"NHSRC HMIS programme-manager training manual, public PDF hosted 2021"
HIV prevalence among males tested,Proportion of HIV+ cases among total number of males tested,HIV test positive (males),No. of males tested for HIV,100,"State, District and Block","Quarterly, annual",50,1,"NHSRC HMIS programme-manager training manual, public PDF hosted 2021"
Annual parasite incidence,Confirmed cases during 1 year/populatio n under surveillance) x 1000.,Total no. of blood smears +ve for Malarial Parasite in a year,Total population,1000,"State, District and Block",Annual,51,1,"NHSRC HMIS programme-manager training manual, public PDF hosted 2021"
Annual Blood Examination rate (ABER),Number of slides examined,No. of blood smears examined for Malarial Parasite in a year,Total population,100,"State, District and Block",Annual,51,1,"NHSRC HMIS programme-manager training manual, public PDF hosted 2021"
Diarrhoea incidence under 5 years (per 1 000),The number of children under 5 years with diarrhoea per 1 000 population under 5 years per year.,The number of children with diarrhea under 5years,Total children under 5 years,1000,State & District,Annual,52,1,"NHSRC HMIS programme-manager training manual, public PDF hosted 2021"
