id,name,officialNameStatus,programmeComponent,recordClass,measureType,scaleDisplay,normalizedFormula,denominatorPopulation,sourceDocument,sourceSection,sourceItemCode,sourcePage,reportingLevel,lowestReportingLevel,relatedIndicatorIds,crosswalkStatus,url
IND-RMNCHA2-001,1 Trimester registration to total ANC registration,Verbatim source-table label,Pregnancy care,,Percentage/proportion,%,(numerator ÷ denominator) × 100,Total ANC registration,"A Strategic Approach to Reproductive, Maternal, Newborn, Child and Adolescent Health (RMNCH+A) in India",Annexure 2: Score Card,HMIS-01,PDF pages 75–76,Facility; block; district; state; national,Facility/community,IND-HMIS-IND-002,Curated concept link to existing HMIS indicator; definitions remain separate,https://nhm.gov.in/images/pdf/RMNCH%2BA/RMNCH%2BA_Strategy.pdf
IND-RMNCHA2-002,Pregnant women received 3 ANC to total ANC registration,Verbatim source-table label,Pregnancy care,,Percentage/proportion,%,(numerator ÷ denominator) × 100,Total ANC registration,"A Strategic Approach to Reproductive, Maternal, Newborn, Child and Adolescent Health (RMNCH+A) in India",Annexure 2: Score Card,HMIS-02,PDF pages 75–76,Facility; block; district; state; national,Facility/community,IND-HMIS-IND-004,Curated concept link to existing HMIS indicator; definitions remain separate,https://nhm.gov.in/images/pdf/RMNCH%2BA/RMNCH%2BA_Strategy.pdf
IND-RMNCHA2-003,Pregnant women given 100 IFA to total ANC registration,Verbatim source-table label,Pregnancy care,,Percentage/proportion,%,(numerator ÷ denominator) × 100,Total ANC registration,"A Strategic Approach to Reproductive, Maternal, Newborn, Child and Adolescent Health (RMNCH+A) in India",Annexure 2: Score Card,HMIS-03,PDF pages 75–76,Facility; block; district; state; national,Facility/community,IND-HMIS-IND-005,Curated concept link to existing HMIS indicator; definitions remain separate,https://nhm.gov.in/images/pdf/RMNCH%2BA/RMNCH%2BA_Strategy.pdf
IND-RMNCHA2-004,Cases of pregnant women with Obstetric Complications and attended to reported deliveries,Verbatim source-table label,Pregnancy care,,Percentage/proportion,%,(numerator ÷ denominator) × 100,Reported deliveries,"A Strategic Approach to Reproductive, Maternal, Newborn, Child and Adolescent Health (RMNCH+A) in India",Annexure 2: Score Card,HMIS-04,PDF pages 75–76,Facility; block; district; state; national,Facility/community,,No reviewed main-registry crosswalk yet,https://nhm.gov.in/images/pdf/RMNCH%2BA/RMNCH%2BA_Strategy.pdf
IND-RMNCHA2-005,Pregnant women receiving TT2 or Booster to total ANC registration,Verbatim source-table label,Pregnancy care,,Percentage/proportion,%,(numerator ÷ denominator) × 100,Total ANC registration,"A Strategic Approach to Reproductive, Maternal, Newborn, Child and Adolescent Health (RMNCH+A) in India",Annexure 2: Score Card,HMIS-05,PDF pages 75–76,Facility; block; district; state; national,Facility/community,IND-HMIS-IND-003,Curated concept link to existing HMIS indicator; definitions remain separate,https://nhm.gov.in/images/pdf/RMNCH%2BA/RMNCH%2BA_Strategy.pdf
IND-RMNCHA2-006,Post-partum sterilization to total female sterilization,Verbatim source-table label,Reproductive age group,,Percentage/proportion,%,(numerator ÷ denominator) × 100,Total female sterilization,"A Strategic Approach to Reproductive, Maternal, Newborn, Child and Adolescent Health (RMNCH+A) in India",Annexure 2: Score Card,HMIS-06,PDF pages 75–76,Facility; block; district; state; national,Facility/community,,No reviewed main-registry crosswalk yet,https://nhm.gov.in/images/pdf/RMNCH%2BA/RMNCH%2BA_Strategy.pdf
IND-RMNCHA2-007,Male sterilization to total sterilization,Verbatim source-table label,Reproductive age group,,Percentage/proportion,%,(numerator ÷ denominator) × 100,Total sterilization,"A Strategic Approach to Reproductive, Maternal, Newborn, Child and Adolescent Health (RMNCH+A) in India",Annexure 2: Score Card,HMIS-07,PDF pages 75–76,Facility; block; district; state; national,Facility/community,,No reviewed main-registry crosswalk yet,https://nhm.gov.in/images/pdf/RMNCH%2BA/RMNCH%2BA_Strategy.pdf
IND-RMNCHA2-008,IUD insertions in public plus private accredited institutions to all family planning methods (IUD plus permanent),Verbatim source-table label,Reproductive age group,,Percentage/proportion,%,(numerator ÷ denominator) × 100,All family planning methods (IUD plus permanent),"A Strategic Approach to Reproductive, Maternal, Newborn, Child and Adolescent Health (RMNCH+A) in India",Annexure 2: Score Card,HMIS-08,PDF pages 75–76,Facility; block; district; state; national,Facility/community,,No reviewed main-registry crosswalk yet,https://nhm.gov.in/images/pdf/RMNCH%2BA/RMNCH%2BA_Strategy.pdf
IND-RMNCHA2-009,SBA attended home deliveries to total reported home deliveries,Verbatim source-table label,Child birth,,Percentage/proportion,%,(numerator ÷ denominator) × 100,Total reported home deliveries,"A Strategic Approach to Reproductive, Maternal, Newborn, Child and Adolescent Health (RMNCH+A) in India",Annexure 2: Score Card,HMIS-09,PDF pages 75–76,Facility; block; district; state; national,Facility/community,IND-HMIS-IND-016,Curated concept link to existing HMIS indicator; definitions remain separate,https://nhm.gov.in/images/pdf/RMNCH%2BA/RMNCH%2BA_Strategy.pdf
IND-RMNCHA2-010,Institutional deliveries to total ANC registration,Verbatim source-table label,Child birth,,Percentage/proportion,%,(numerator ÷ denominator) × 100,Total ANC registration,"A Strategic Approach to Reproductive, Maternal, Newborn, Child and Adolescent Health (RMNCH+A) in India",Annexure 2: Score Card,HMIS-10,PDF pages 75–76,Facility; block; district; state; national,Facility/community,IND-HMIS-IND-014,Curated concept link to existing HMIS indicator; definitions remain separate,https://nhm.gov.in/images/pdf/RMNCH%2BA/RMNCH%2BA_Strategy.pdf
IND-RMNCHA2-011,C-Section to reported deliveries,Verbatim source-table label,Child birth,,Percentage/proportion,%,(numerator ÷ denominator) × 100,Reported deliveries,"A Strategic Approach to Reproductive, Maternal, Newborn, Child and Adolescent Health (RMNCH+A) in India",Annexure 2: Score Card,HMIS-11,PDF pages 75–76,Facility; block; district; state; national,Facility/community,IND-HMIS-IND-017,Curated concept link to existing HMIS indicator; definitions remain separate,https://nhm.gov.in/images/pdf/RMNCH%2BA/RMNCH%2BA_Strategy.pdf
IND-RMNCHA2-012,Newborns breast fed within 1 hour to total live births,Verbatim source-table label,Postnatal maternal and newborn care,,Percentage/proportion,%,(numerator ÷ denominator) × 100,Total live births,"A Strategic Approach to Reproductive, Maternal, Newborn, Child and Adolescent Health (RMNCH+A) in India",Annexure 2: Score Card,HMIS-12,PDF pages 75–76,Facility; block; district; state; national,Facility/community,IND-HMIS-IND-027,Curated concept link to existing HMIS indicator; definitions remain separate,https://nhm.gov.in/images/pdf/RMNCH%2BA/RMNCH%2BA_Strategy.pdf
IND-RMNCHA2-013,Women discharged in less than 48 hours of delivery in public institutions to total number of deliveries in public institutions,Verbatim source-table label,Postnatal maternal and newborn care,,Percentage/proportion,%,(numerator ÷ denominator) × 100,Total deliveries in public institutions,"A Strategic Approach to Reproductive, Maternal, Newborn, Child and Adolescent Health (RMNCH+A) in India",Annexure 2: Score Card,HMIS-13,PDF pages 75–76,Facility; block; district; state; national,Facility/community,,No reviewed main-registry crosswalk yet,https://nhm.gov.in/images/pdf/RMNCH%2BA/RMNCH%2BA_Strategy.pdf
IND-RMNCHA2-014,Newborns weighing less than 2.5 kg to newborns weighed at birth,Verbatim source-table label,Postnatal maternal and newborn care,,Percentage/proportion,%,(numerator ÷ denominator) × 100,Newborns weighed at birth,"A Strategic Approach to Reproductive, Maternal, Newborn, Child and Adolescent Health (RMNCH+A) in India",Annexure 2: Score Card,HMIS-14,PDF pages 75–76,Facility; block; district; state; national,Facility/community,IND-HMIS-IND-029,Curated concept link to existing HMIS indicator; definitions remain separate,https://nhm.gov.in/images/pdf/RMNCH%2BA/RMNCH%2BA_Strategy.pdf
IND-RMNCHA2-015,Newborns visited within 24hrs of home delivery to total reported home deliveries,Verbatim source-table label,Postnatal maternal and newborn care,,Percentage/proportion,%,(numerator ÷ denominator) × 100,Total reported home deliveries,"A Strategic Approach to Reproductive, Maternal, Newborn, Child and Adolescent Health (RMNCH+A) in India",Annexure 2: Score Card,HMIS-15,PDF pages 75–76,Facility; block; district; state; national,Facility/community,,No reviewed main-registry crosswalk yet,https://nhm.gov.in/images/pdf/RMNCH%2BA/RMNCH%2BA_Strategy.pdf
IND-RMNCHA2-016,Infants 0 to 11 months old who received Measles vaccine to reported live births,Verbatim source-table label,Child health,,Percentage/proportion,%,(numerator ÷ denominator) × 100,Reported live births,"A Strategic Approach to Reproductive, Maternal, Newborn, Child and Adolescent Health (RMNCH+A) in India",Annexure 2: Score Card,HMIS-16,PDF pages 75–76,Facility; block; district; state; national,Facility/community,IND-HMIS-IND-010,Curated concept link to existing HMIS indicator; definitions remain separate,https://nhm.gov.in/images/pdf/RMNCH%2BA/RMNCH%2BA_Strategy.pdf
IND-RMNCHA2-017,Pregnant women <19 yrs old to total women registered for ANC,Verbatim source-table label,Adolescent and pregnancy care,,Percentage/proportion,%,(numerator ÷ denominator) × 100,Total women registered for ANC,"A Strategic Approach to Reproductive, Maternal, Newborn, Child and Adolescent Health (RMNCH+A) in India",Annexure 2: Score Card,HMIS-17,PDF pages 75–76,Facility; block; district; state; national,Facility/community,,No reviewed main-registry crosswalk yet,https://nhm.gov.in/images/pdf/RMNCH%2BA/RMNCH%2BA_Strategy.pdf
IND-RMNCHA2-018,Home Based New born Care (HBNC) visit by ASHA to planned visits,Verbatim source-table label,Community newborn care,,Percentage/proportion,%,(numerator ÷ denominator) × 100,Planned HBNC visits,"A Strategic Approach to Reproductive, Maternal, Newborn, Child and Adolescent Health (RMNCH+A) in India",Annexure 2: Score Card,HMIS-18,PDF pages 75–76,Facility; block; district; state; national,Facility/community,,No reviewed main-registry crosswalk yet,https://nhm.gov.in/images/pdf/RMNCH%2BA/RMNCH%2BA_Strategy.pdf
IND-RMNCHA2-019,Children 9–11 months fully immunised to children 9–11 months due for immunisation,Verbatim source-table label,Child health,,Percentage/proportion,%,(numerator ÷ denominator) × 100,Children aged 9–11 months due for immunisation,"A Strategic Approach to Reproductive, Maternal, Newborn, Child and Adolescent Health (RMNCH+A) in India",Annexure 2: Score Card,HMIS-19,PDF pages 75–76,Facility; block; district; state; national,Facility/community,IND-HMIS-IND-006,Curated concept link to existing HMIS indicator; definitions remain separate,https://nhm.gov.in/images/pdf/RMNCH%2BA/RMNCH%2BA_Strategy.pdf
IND-RMNCHA2-020,Children with diarrhoea who were treated with ORS to children reported with diarrhoea,Verbatim source-table label,Child health,,Percentage/proportion,%,(numerator ÷ denominator) × 100,Children reported with diarrhoea,"A Strategic Approach to Reproductive, Maternal, Newborn, Child and Adolescent Health (RMNCH+A) in India",Annexure 2: Score Card,HMIS-20,PDF pages 75–76,Facility; block; district; state; national,Facility/community,,No reviewed main-registry crosswalk yet,https://nhm.gov.in/images/pdf/RMNCH%2BA/RMNCH%2BA_Strategy.pdf
IND-RMNCHA2-021,Children with diarrhoea who were treated with ORS and Zinc to children reported with diarrhoea,Verbatim source-table label,Child health,,Percentage/proportion,%,(numerator ÷ denominator) × 100,Children reported with diarrhoea,"A Strategic Approach to Reproductive, Maternal, Newborn, Child and Adolescent Health (RMNCH+A) in India",Annexure 2: Score Card,HMIS-21,PDF pages 75–76,Facility; block; district; state; national,Facility/community,,No reviewed main-registry crosswalk yet,https://nhm.gov.in/images/pdf/RMNCH%2BA/RMNCH%2BA_Strategy.pdf
IND-RMNCHA2-022,Children discharged live from SNCUs to number of admissions in SNCUs,Verbatim source-table label,Facility-based newborn care,,Percentage/proportion,%,(numerator ÷ denominator) × 100,Admissions in SNCUs,"A Strategic Approach to Reproductive, Maternal, Newborn, Child and Adolescent Health (RMNCH+A) in India",Annexure 2: Score Card,HMIS-22,PDF pages 75–76,Facility; block; district; state; national,Facility/community,IND-RMNCHA-005,Curated concept link to existing HMIS indicator; definitions remain separate,https://nhm.gov.in/images/pdf/RMNCH%2BA/RMNCH%2BA_Strategy.pdf
IND-RMNCHA2-023,Children with ARI who received treatment to children reported with ARI,Verbatim source-table label,Child health,,Percentage/proportion,%,(numerator ÷ denominator) × 100,Children reported with ARI,"A Strategic Approach to Reproductive, Maternal, Newborn, Child and Adolescent Health (RMNCH+A) in India",Annexure 2: Score Card,HMIS-23,PDF pages 75–76,Facility; block; district; state; national,Facility/community,,No reviewed main-registry crosswalk yet,https://nhm.gov.in/images/pdf/RMNCH%2BA/RMNCH%2BA_Strategy.pdf
IND-RMNCHA2-024,Under-five mortality rate,Verbatim source-table label,Mortality,,Rate per population,"per 1,000 live births","(numerator ÷ denominator) × 1,000",Live births,"A Strategic Approach to Reproductive, Maternal, Newborn, Child and Adolescent Health (RMNCH+A) in India",Annexure 2: Score Card,SURVEY-01,PDF pages 75–76,National; state; district where survey design permits,District where survey design permits,IND-HMIS-IND-032,Curated concept link to existing HMIS indicator; definitions remain separate,https://nhm.gov.in/images/pdf/RMNCH%2BA/RMNCH%2BA_Strategy.pdf
IND-RMNCHA2-025,Infant mortality rate,Verbatim source-table label,Mortality,,Rate per population,"per 1,000 live births","(numerator ÷ denominator) × 1,000",Live births,"A Strategic Approach to Reproductive, Maternal, Newborn, Child and Adolescent Health (RMNCH+A) in India",Annexure 2: Score Card,SURVEY-02,PDF pages 75–76,National; state; district where survey design permits,District where survey design permits,IND-HMIS-IND-031,Curated concept link to existing HMIS indicator; definitions remain separate,https://nhm.gov.in/images/pdf/RMNCH%2BA/RMNCH%2BA_Strategy.pdf
IND-RMNCHA2-026,Neonatal mortality rate,Verbatim source-table label,Mortality,,Rate per population,"per 1,000 live births","(numerator ÷ denominator) × 1,000",Live births,"A Strategic Approach to Reproductive, Maternal, Newborn, Child and Adolescent Health (RMNCH+A) in India",Annexure 2: Score Card,SURVEY-03,PDF pages 75–76,National; state; district where survey design permits,District where survey design permits,IND-HMIS-IND-030,Curated concept link to existing HMIS indicator; definitions remain separate,https://nhm.gov.in/images/pdf/RMNCH%2BA/RMNCH%2BA_Strategy.pdf
IND-RMNCHA2-027,"Maternal mortality ratio (per 100,000 live births)",Verbatim source-table label,Mortality,,Ratio,"per 100,000 live births","(numerator ÷ denominator) × 100,000",Live births,"A Strategic Approach to Reproductive, Maternal, Newborn, Child and Adolescent Health (RMNCH+A) in India",Annexure 2: Score Card,SURVEY-04,PDF pages 75–76,National; state; district where survey design permits,District where survey design permits,IND-HMIS-IND-035,Curated concept link to existing HMIS indicator; definitions remain separate,https://nhm.gov.in/images/pdf/RMNCH%2BA/RMNCH%2BA_Strategy.pdf
IND-RMNCHA2-028,Total Fertility Rate,Verbatim source-table label,Fertility,,Rate per population,births per woman,(numerator ÷ denominator) × scale factor,Women of reproductive age represented by the source fertility model,"A Strategic Approach to Reproductive, Maternal, Newborn, Child and Adolescent Health (RMNCH+A) in India",Annexure 2: Score Card,SURVEY-05,PDF pages 75–76,National; state; district where survey design permits,District where survey design permits,,No reviewed main-registry crosswalk yet,https://nhm.gov.in/images/pdf/RMNCH%2BA/RMNCH%2BA_Strategy.pdf
IND-RMNCHA2-029,Births to women during age 15–19 out of total births,Verbatim source-table label,Adolescent health,,Percentage/proportion,%,(numerator ÷ denominator) × 100,Total births,"A Strategic Approach to Reproductive, Maternal, Newborn, Child and Adolescent Health (RMNCH+A) in India",Annexure 2: Score Card,SURVEY-06,PDF pages 75–76,National; state; district where survey design permits,District where survey design permits,,No reviewed main-registry crosswalk yet,https://nhm.gov.in/images/pdf/RMNCH%2BA/RMNCH%2BA_Strategy.pdf
IND-RMNCHA2-030,Children with birth weight less than 2.5 Kg,Verbatim source-table label,Nutrition,,Percentage/proportion,%,(numerator ÷ denominator) × 100,Children weighed at birth,"A Strategic Approach to Reproductive, Maternal, Newborn, Child and Adolescent Health (RMNCH+A) in India",Annexure 2: Score Card,SURVEY-07,PDF pages 75–76,National; state; district where survey design permits,District where survey design permits,IND-HMIS-IND-029,Curated concept link to existing HMIS indicator; definitions remain separate,https://nhm.gov.in/images/pdf/RMNCH%2BA/RMNCH%2BA_Strategy.pdf
IND-RMNCHA2-031,Children under 3 years who are underweight,Verbatim source-table label,Nutrition,,Percentage/proportion,%,(numerator ÷ denominator) × 100,Children under 3 years assessed,"A Strategic Approach to Reproductive, Maternal, Newborn, Child and Adolescent Health (RMNCH+A) in India",Annexure 2: Score Card,SURVEY-08,PDF pages 75–76,National; state; district where survey design permits,District where survey design permits,,No reviewed main-registry crosswalk yet,https://nhm.gov.in/images/pdf/RMNCH%2BA/RMNCH%2BA_Strategy.pdf
IND-RMNCHA2-032,Child sex ratio 0–6,Verbatim source-table label,Gender,,Ratio,"girls per 1,000 boys","(numerator ÷ denominator) × 1,000",Boys aged 0–6 years,"A Strategic Approach to Reproductive, Maternal, Newborn, Child and Adolescent Health (RMNCH+A) in India",Annexure 2: Score Card,SURVEY-09,PDF pages 75–76,National; state; district where survey design permits,District where survey design permits,IND-HMIS-IND-028,Curated concept link to existing HMIS indicator; definitions remain separate,https://nhm.gov.in/images/pdf/RMNCH%2BA/RMNCH%2BA_Strategy.pdf
IND-RMNCHA2-033,Full Immunization,Verbatim source-table label,Immunization,,Percentage/proportion,%,(numerator ÷ denominator) × 100,Children aged 12–23 months,"A Strategic Approach to Reproductive, Maternal, Newborn, Child and Adolescent Health (RMNCH+A) in India",Annexure 2: Score Card,SURVEY-10,PDF pages 75–76,National; state; district where survey design permits,District where survey design permits,IND-HMIS-IND-006,Curated concept link to existing HMIS indicator; definitions remain separate,https://nhm.gov.in/images/pdf/RMNCH%2BA/RMNCH%2BA_Strategy.pdf
IND-RMNCHA2-034,Household having access to toilet facility,Verbatim source-table label,Cross-cutting,,Percentage/proportion,%,(numerator ÷ denominator) × 100,Households surveyed,"A Strategic Approach to Reproductive, Maternal, Newborn, Child and Adolescent Health (RMNCH+A) in India",Annexure 2: Score Card,SURVEY-11,PDF pages 75–76,National; state; district where survey design permits,District where survey design permits,,No reviewed main-registry crosswalk yet,https://nhm.gov.in/images/pdf/RMNCH%2BA/RMNCH%2BA_Strategy.pdf
IND-RMNCHA2-035,Couple using spacing method for more than 6 months,Verbatim source-table label,Family planning,,Percentage/proportion,%,(numerator ÷ denominator) × 100,Eligible couples assessed,"A Strategic Approach to Reproductive, Maternal, Newborn, Child and Adolescent Health (RMNCH+A) in India",Annexure 2: Score Card,SURVEY-12,PDF pages 75–76,National; state; district where survey design permits,District where survey design permits,,No reviewed main-registry crosswalk yet,https://nhm.gov.in/images/pdf/RMNCH%2BA/RMNCH%2BA_Strategy.pdf
IND-RMNCHA2-036,ORT or Increased Fluids for Diarrhoea (Among children <2 year of age who had diarrhoea in preceding 2 weeks),Verbatim source-table label,Child health,,Percentage/proportion,%,(numerator ÷ denominator) × 100,Children under 2 with diarrhoea in the preceding 2 weeks,"A Strategic Approach to Reproductive, Maternal, Newborn, Child and Adolescent Health (RMNCH+A) in India",Annexure 2: Score Card,SURVEY-13,PDF pages 75–76,National; state; district where survey design permits,District where survey design permits,,No reviewed main-registry crosswalk yet,https://nhm.gov.in/images/pdf/RMNCH%2BA/RMNCH%2BA_Strategy.pdf
IND-RMNCHA2-037,Care Seeking for ARI in any health facility (Among children <2 year of age who had ARI in preceding 2 weeks),Verbatim source-table label,Child health,,Percentage/proportion,%,(numerator ÷ denominator) × 100,Children under 2 with ARI in the preceding 2 weeks,"A Strategic Approach to Reproductive, Maternal, Newborn, Child and Adolescent Health (RMNCH+A) in India",Annexure 2: Score Card,SURVEY-14,PDF pages 75–76,National; state; district where survey design permits,District where survey design permits,,No reviewed main-registry crosswalk yet,https://nhm.gov.in/images/pdf/RMNCH%2BA/RMNCH%2BA_Strategy.pdf
IND-RMNCHA2-038,Woman who received 4+ ANC,Verbatim source-table label,Pregnancy care,,Percentage/proportion,%,(numerator ÷ denominator) × 100,Women with a recent birth assessed by the survey,"A Strategic Approach to Reproductive, Maternal, Newborn, Child and Adolescent Health (RMNCH+A) in India",Annexure 2: Score Card,SURVEY-15,PDF pages 75–76,National; state; district where survey design permits,District where survey design permits,,No reviewed main-registry crosswalk yet,https://nhm.gov.in/images/pdf/RMNCH%2BA/RMNCH%2BA_Strategy.pdf
IND-RMNCHA2-039,"Skilled Birth Attendance (Delivery by Doctor, ANM/Nurse/LHV)",Verbatim source-table label,Child birth,,Percentage/proportion,%,(numerator ÷ denominator) × 100,Births assessed by the survey,"A Strategic Approach to Reproductive, Maternal, Newborn, Child and Adolescent Health (RMNCH+A) in India",Annexure 2: Score Card,SURVEY-16,PDF pages 75–76,National; state; district where survey design permits,District where survey design permits,IND-HMIS-IND-016,Curated concept link to existing HMIS indicator; definitions remain separate,https://nhm.gov.in/images/pdf/RMNCH%2BA/RMNCH%2BA_Strategy.pdf
IND-RMNCHA2-040,Mothers who received postnatal care from a doctor/nurse/LHV/ANM/other health personnel within 2 days of delivery for their last birth (%),Verbatim source-table label,Postnatal care,,Percentage/proportion,%,(numerator ÷ denominator) × 100,Mothers with a last birth assessed by the survey,"A Strategic Approach to Reproductive, Maternal, Newborn, Child and Adolescent Health (RMNCH+A) in India",Annexure 2: Score Card,SURVEY-17,PDF pages 75–76,National; state; district where survey design permits,District where survey design permits,,No reviewed main-registry crosswalk yet,https://nhm.gov.in/images/pdf/RMNCH%2BA/RMNCH%2BA_Strategy.pdf
IND-RMNCHA2-041,Early Initiation of Breast Feeding (<1hr),Verbatim source-table label,Infant and young child feeding,,Percentage/proportion,%,(numerator ÷ denominator) × 100,Last-born children assessed by the survey,"A Strategic Approach to Reproductive, Maternal, Newborn, Child and Adolescent Health (RMNCH+A) in India",Annexure 2: Score Card,SURVEY-18,PDF pages 75–76,National; state; district where survey design permits,District where survey design permits,IND-HMIS-IND-027,Curated concept link to existing HMIS indicator; definitions remain separate,https://nhm.gov.in/images/pdf/RMNCH%2BA/RMNCH%2BA_Strategy.pdf
IND-RMNCHA2-042,Exclusive Breast feeding for 6 months (among 6–9 months children),Verbatim source-table label,Infant and young child feeding,,Percentage/proportion,%,(numerator ÷ denominator) × 100,Children aged 6–9 months assessed by the survey,"A Strategic Approach to Reproductive, Maternal, Newborn, Child and Adolescent Health (RMNCH+A) in India",Annexure 2: Score Card,SURVEY-19,PDF pages 75–76,National; state; district where survey design permits,District where survey design permits,,No reviewed main-registry crosswalk yet,https://nhm.gov.in/images/pdf/RMNCH%2BA/RMNCH%2BA_Strategy.pdf
IND-RMNCHA2-043,Facility has assessed Labour Room and OT using NQAS checklist and reported Baseline Quality Scores and indicators,Verbatim source-table label,Labour room and maternity OT quality,,Index,compliance status,Source-defined assessment or summary statistic,Facility compliance assessment,LaQshya — Labour Room Quality Improvement Initiative,Annexure C: Facility Level Targets for Incentives,LAQ-01,PDF pages 41–42,Facility; district; state; national,Facility,,No reviewed main-registry crosswalk yet,https://www.nhm.gov.in/New_Updates_2018/NHM_Components/RMNCH_MH_Guidelines/LaQshya-Guidelines.pdf
IND-RMNCHA2-044,Facility has set Quality Team at facility level and Quality Circles in Labour Room & Maternity OTs,Verbatim source-table label,Labour room and maternity OT quality,,Index,compliance status,Source-defined assessment or summary statistic,Facility compliance assessment,LaQshya — Labour Room Quality Improvement Initiative,Annexure C: Facility Level Targets for Incentives,LAQ-02,PDF pages 41–42,Facility; district; state; national,Facility,,No reviewed main-registry crosswalk yet,https://www.nhm.gov.in/New_Updates_2018/NHM_Components/RMNCH_MH_Guidelines/LaQshya-Guidelines.pdf
IND-RMNCHA2-045,"Facility has oriented the Labour room and Maternity OT staff on LR protocols, RMC & QI",Verbatim source-table label,Labour room and maternity OT quality,,Index,compliance status,Source-defined assessment or summary statistic,Facility compliance assessment,LaQshya — Labour Room Quality Improvement Initiative,Annexure C: Facility Level Targets for Incentives,LAQ-03,PDF pages 41–42,Facility; district; state; national,Facility,,No reviewed main-registry crosswalk yet,https://www.nhm.gov.in/New_Updates_2018/NHM_Components/RMNCH_MH_Guidelines/LaQshya-Guidelines.pdf
IND-RMNCHA2-046,At least 90% of deliveries are attended by a birth companion,Verbatim source-table label,Labour room and maternity OT quality,,Percentage/proportion,%,(numerator ÷ denominator) × 100,Deliveries in the facility,LaQshya — Labour Room Quality Improvement Initiative,Annexure C: Facility Level Targets for Incentives,LAQ-04,PDF pages 41–42,Facility; district; state; national,Facility,,No reviewed main-registry crosswalk yet,https://www.nhm.gov.in/New_Updates_2018/NHM_Components/RMNCH_MH_Guidelines/LaQshya-Guidelines.pdf
IND-RMNCHA2-047,At least 90% deliveries are conducted using safe birth and Safe Surgery checklist in Labour Room and Maternity OT,Verbatim source-table label,Labour room and maternity OT quality,,Percentage/proportion,%,(numerator ÷ denominator) × 100,Deliveries and maternity surgeries in the facility,LaQshya — Labour Room Quality Improvement Initiative,Annexure C: Facility Level Targets for Incentives,LAQ-05,PDF pages 41–42,Facility; district; state; national,Facility,,No reviewed main-registry crosswalk yet,https://www.nhm.gov.in/New_Updates_2018/NHM_Components/RMNCH_MH_Guidelines/LaQshya-Guidelines.pdf
IND-RMNCHA2-048,Partograph is generated using real-time information in at least 90% deliveries in Labour Rooms,Verbatim source-table label,Labour room and maternity OT quality,,Percentage/proportion,%,(numerator ÷ denominator) × 100,Deliveries in labour rooms,LaQshya — Labour Room Quality Improvement Initiative,Annexure C: Facility Level Targets for Incentives,LAQ-06,PDF pages 41–42,Facility; district; state; national,Facility,,No reviewed main-registry crosswalk yet,https://www.nhm.gov.in/New_Updates_2018/NHM_Components/RMNCH_MH_Guidelines/LaQshya-Guidelines.pdf
IND-RMNCHA2-049,Achieved 80% percentage or more breastfeeding within 1 hour or at least 30% increment from baseline.,Verbatim source-table label,Labour room and maternity OT quality,,Percentage/proportion,%,(numerator ÷ denominator) × 100,Live births in the facility,LaQshya — Labour Room Quality Improvement Initiative,Annexure C: Facility Level Targets for Incentives,LAQ-07,PDF pages 41–42,Facility; district; state; national,Facility,IND-HMIS-IND-027,Curated concept link to existing HMIS indicator; definitions remain separate,https://www.nhm.gov.in/New_Updates_2018/NHM_Components/RMNCH_MH_Guidelines/LaQshya-Guidelines.pdf
IND-RMNCHA2-050,Achieved 0% neonatal asphyxia rate in Labour Room or at least reduction of 20% from baseline,Verbatim source-table label,Labour room and maternity OT quality,,Percentage/proportion,%,(numerator ÷ denominator) × 100,Inborn live births in the labour room,LaQshya — Labour Room Quality Improvement Initiative,Annexure C: Facility Level Targets for Incentives,LAQ-08,PDF pages 41–42,Facility; district; state; national,Facility,,No reviewed main-registry crosswalk yet,https://www.nhm.gov.in/New_Updates_2018/NHM_Components/RMNCH_MH_Guidelines/LaQshya-Guidelines.pdf
IND-RMNCHA2-051,Achieved 0% neonatal sepsis rate in-born babies or at least reduction of 20% from baseline,Verbatim source-table label,Labour room and maternity OT quality,,Percentage/proportion,%,(numerator ÷ denominator) × 100,Inborn live births,LaQshya — Labour Room Quality Improvement Initiative,Annexure C: Facility Level Targets for Incentives,LAQ-09,PDF pages 41–42,Facility; district; state; national,Facility,,No reviewed main-registry crosswalk yet,https://www.nhm.gov.in/New_Updates_2018/NHM_Components/RMNCH_MH_Guidelines/LaQshya-Guidelines.pdf
IND-RMNCHA2-052,Achieved 5% or less Surgical Site infection Rate in Maternity OT or at least reduction of 30% from baseline,Verbatim source-table label,Labour room and maternity OT quality,,Percentage/proportion,%,(numerator ÷ denominator) × 100,Maternity OT surgical procedures,LaQshya — Labour Room Quality Improvement Initiative,Annexure C: Facility Level Targets for Incentives,LAQ-10,PDF pages 41–42,Facility; district; state; national,Facility,,No reviewed main-registry crosswalk yet,https://www.nhm.gov.in/New_Updates_2018/NHM_Components/RMNCH_MH_Guidelines/LaQshya-Guidelines.pdf
IND-RMNCHA2-053,Achieved 80% or more antenatal corticosteroid administration rate in case in preterm labour or at least increment of 30% from baseline,Verbatim source-table label,Labour room and maternity OT quality,,Percentage/proportion,%,(numerator ÷ denominator) × 100,Eligible women in preterm labour,LaQshya — Labour Room Quality Improvement Initiative,Annexure C: Facility Level Targets for Incentives,LAQ-11,PDF pages 41–42,Facility; district; state; national,Facility,,No reviewed main-registry crosswalk yet,https://www.nhm.gov.in/New_Updates_2018/NHM_Components/RMNCH_MH_Guidelines/LaQshya-Guidelines.pdf
IND-RMNCHA2-054,"No case of pre-eclampsia, eclampsia & PIH related mortality or at least 25% reduction from baseline",Verbatim source-table label,Labour room and maternity OT quality,,Percentage/proportion,%,(numerator ÷ denominator) × 100,"Women with pre-eclampsia, eclampsia or pregnancy-induced hypertension managed in the facility",LaQshya — Labour Room Quality Improvement Initiative,Annexure C: Facility Level Targets for Incentives,LAQ-12,PDF pages 41–42,Facility; district; state; national,Facility,,No reviewed main-registry crosswalk yet,https://www.nhm.gov.in/New_Updates_2018/NHM_Components/RMNCH_MH_Guidelines/LaQshya-Guidelines.pdf
IND-RMNCHA2-055,No case of APH/PPH related mortality or at least 25% reduction from baseline,Verbatim source-table label,Labour room and maternity OT quality,,Percentage/proportion,%,(numerator ÷ denominator) × 100,Women with antepartum or postpartum haemorrhage managed in the facility,LaQshya — Labour Room Quality Improvement Initiative,Annexure C: Facility Level Targets for Incentives,LAQ-13,PDF pages 41–42,Facility; district; state; national,Facility,,No reviewed main-registry crosswalk yet,https://www.nhm.gov.in/New_Updates_2018/NHM_Components/RMNCH_MH_Guidelines/LaQshya-Guidelines.pdf
IND-RMNCHA2-056,Facility Labour Room is reorganised as labour room standardization guidelines,Verbatim source-table label,Labour room and maternity OT quality,,Index,compliance status,Source-defined assessment or summary statistic,Facility compliance assessment,LaQshya — Labour Room Quality Improvement Initiative,Annexure C: Facility Level Targets for Incentives,LAQ-14,PDF pages 41–42,Facility; district; state; national,Facility,,No reviewed main-registry crosswalk yet,https://www.nhm.gov.in/New_Updates_2018/NHM_Components/RMNCH_MH_Guidelines/LaQshya-Guidelines.pdf
IND-RMNCHA2-057,Facility Labour room has staffing as per defined norms in annexure B,Verbatim source-table label,Labour room and maternity OT quality,,Index,compliance status,Source-defined assessment or summary statistic,Facility compliance assessment,LaQshya — Labour Room Quality Improvement Initiative,Annexure C: Facility Level Targets for Incentives,LAQ-15,PDF pages 41–42,Facility; district; state; national,Facility,,No reviewed main-registry crosswalk yet,https://www.nhm.gov.in/New_Updates_2018/NHM_Components/RMNCH_MH_Guidelines/LaQshya-Guidelines.pdf
IND-RMNCHA2-058,"100% of Women, administered Oxytocin, immediately after birth.",Verbatim source-table label,Labour room and maternity OT quality,,Percentage/proportion,%,(numerator ÷ denominator) × 100,Women giving birth in the facility,LaQshya — Labour Room Quality Improvement Initiative,Annexure C: Facility Level Targets for Incentives,LAQ-16,PDF pages 41–42,Facility; district; state; national,Facility,,No reviewed main-registry crosswalk yet,https://www.nhm.gov.in/New_Updates_2018/NHM_Components/RMNCH_MH_Guidelines/LaQshya-Guidelines.pdf
IND-RMNCHA2-059,80%and more OSCE scores or at least increment of 30% from baseline,Verbatim source-table label,Labour room and maternity OT quality,,Index,percentage score,Source-defined assessment or summary statistic,Staff assessed using OSCE,LaQshya — Labour Room Quality Improvement Initiative,Annexure C: Facility Level Targets for Incentives,LAQ-17,PDF pages 41–42,Facility; district; state; national,Facility,,No reviewed main-registry crosswalk yet,https://www.nhm.gov.in/New_Updates_2018/NHM_Components/RMNCH_MH_Guidelines/LaQshya-Guidelines.pdf
IND-RMNCHA2-060,Facility conducts referral audit on Monthly basis,Verbatim source-table label,Labour room and maternity OT quality,,Index,monthly compliance status,Source-defined assessment or summary statistic,Facility-months assessed,LaQshya — Labour Room Quality Improvement Initiative,Annexure C: Facility Level Targets for Incentives,LAQ-18,PDF pages 41–42,Facility; district; state; national,Facility,,No reviewed main-registry crosswalk yet,https://www.nhm.gov.in/New_Updates_2018/NHM_Components/RMNCH_MH_Guidelines/LaQshya-Guidelines.pdf
IND-RMNCHA2-061,"Facility conducts Maternal death, Neonatal death and near-miss on monthly basis",Verbatim source-table label,Labour room and maternity OT quality,,Index,monthly compliance status,Source-defined assessment or summary statistic,Facility-months assessed,LaQshya — Labour Room Quality Improvement Initiative,Annexure C: Facility Level Targets for Incentives,LAQ-19,PDF pages 41–42,Facility; district; state; national,Facility,,No reviewed main-registry crosswalk yet,https://www.nhm.gov.in/New_Updates_2018/NHM_Components/RMNCH_MH_Guidelines/LaQshya-Guidelines.pdf
IND-RMNCHA2-062,Facility report zero stock outs in Labour Room & Maternity OT,Verbatim source-table label,Labour room and maternity OT quality,,Percentage/proportion,%,(numerator ÷ denominator) × 100,Tracer items/stock-reporting periods assessed,LaQshya — Labour Room Quality Improvement Initiative,Annexure C: Facility Level Targets for Incentives,LAQ-20,PDF pages 41–42,Facility; district; state; national,Facility,,No reviewed main-registry crosswalk yet,https://www.nhm.gov.in/New_Updates_2018/NHM_Components/RMNCH_MH_Guidelines/LaQshya-Guidelines.pdf
IND-RMNCHA2-063,Reduction in malnutrition and IDA among adolescents,Verbatim source-table label,Adolescent health goals,,Index,directional trend,Source-defined assessment or summary statistic,Population specified by the underlying survey or assessment,Operational Framework for Rashtriya Kishor Swasthya Karyakram (RKSK),"Exhibits 2.02 and 2.03: Goal, outcome, output and programme/service-delivery indicators",GOAL-01,PDF pages 22–26,National; state; district,District,,No reviewed main-registry crosswalk yet,https://nhm.gov.in/images/pdf/programmes/RKSK/RKSK_Operational_Framework.pdf
IND-RMNCHA2-064,Decline in age specific fertility rate among adolescent girls (15-19 yrs),Verbatim source-table label,Adolescent health goals,,Index,directional trend,Source-defined assessment or summary statistic,Population specified by the underlying survey or assessment,Operational Framework for Rashtriya Kishor Swasthya Karyakram (RKSK),"Exhibits 2.02 and 2.03: Goal, outcome, output and programme/service-delivery indicators",GOAL-02,PDF pages 22–26,National; state; district,District,,No reviewed main-registry crosswalk yet,https://nhm.gov.in/images/pdf/programmes/RKSK/RKSK_Operational_Framework.pdf
IND-RMNCHA2-065,Reduction in proportion of maternal death contributed by 15-19 years age group,Verbatim source-table label,Adolescent health goals,,Index,directional trend,Source-defined assessment or summary statistic,Population specified by the underlying survey or assessment,Operational Framework for Rashtriya Kishor Swasthya Karyakram (RKSK),"Exhibits 2.02 and 2.03: Goal, outcome, output and programme/service-delivery indicators",GOAL-03,PDF pages 22–26,National; state; district,District,,No reviewed main-registry crosswalk yet,https://nhm.gov.in/images/pdf/programmes/RKSK/RKSK_Operational_Framework.pdf
IND-RMNCHA2-066,Decline in HIV prevalence among adolescents,Verbatim source-table label,Adolescent health goals,,Index,directional trend,Source-defined assessment or summary statistic,Population specified by the underlying survey or assessment,Operational Framework for Rashtriya Kishor Swasthya Karyakram (RKSK),"Exhibits 2.02 and 2.03: Goal, outcome, output and programme/service-delivery indicators",GOAL-04,PDF pages 22–26,National; state; district,District,,No reviewed main-registry crosswalk yet,https://nhm.gov.in/images/pdf/programmes/RKSK/RKSK_Operational_Framework.pdf
IND-RMNCHA2-067,Decline in experience of violence among adolescents,Verbatim source-table label,Adolescent health goals,,Index,directional trend,Source-defined assessment or summary statistic,Population specified by the underlying survey or assessment,Operational Framework for Rashtriya Kishor Swasthya Karyakram (RKSK),"Exhibits 2.02 and 2.03: Goal, outcome, output and programme/service-delivery indicators",GOAL-05,PDF pages 22–26,National; state; district,District,,No reviewed main-registry crosswalk yet,https://nhm.gov.in/images/pdf/programmes/RKSK/RKSK_Operational_Framework.pdf
IND-RMNCHA2-068,Decline in prevalence of serious Mental Health Problems among adolescents,Verbatim source-table label,Adolescent health goals,,Index,directional trend,Source-defined assessment or summary statistic,Population specified by the underlying survey or assessment,Operational Framework for Rashtriya Kishor Swasthya Karyakram (RKSK),"Exhibits 2.02 and 2.03: Goal, outcome, output and programme/service-delivery indicators",GOAL-06,PDF pages 22–26,National; state; district,District,,No reviewed main-registry crosswalk yet,https://nhm.gov.in/images/pdf/programmes/RKSK/RKSK_Operational_Framework.pdf
IND-RMNCHA2-069,Decline in substance misuse among adolescents,Verbatim source-table label,Adolescent health goals,,Index,directional trend,Source-defined assessment or summary statistic,Population specified by the underlying survey or assessment,Operational Framework for Rashtriya Kishor Swasthya Karyakram (RKSK),"Exhibits 2.02 and 2.03: Goal, outcome, output and programme/service-delivery indicators",GOAL-07,PDF pages 22–26,National; state; district,District,,No reviewed main-registry crosswalk yet,https://nhm.gov.in/images/pdf/programmes/RKSK/RKSK_Operational_Framework.pdf
IND-RMNCHA2-070,Decline in incidence of NCDs among adolescents,Verbatim source-table label,Adolescent health goals,,Index,directional trend,Source-defined assessment or summary statistic,Population specified by the underlying survey or assessment,Operational Framework for Rashtriya Kishor Swasthya Karyakram (RKSK),"Exhibits 2.02 and 2.03: Goal, outcome, output and programme/service-delivery indicators",GOAL-08,PDF pages 22–26,National; state; district,District,,No reviewed main-registry crosswalk yet,https://nhm.gov.in/images/pdf/programmes/RKSK/RKSK_Operational_Framework.pdf
IND-RMNCHA2-071,"Improvement in healthy life styles among adolescents (Diet, exercise etc.)",Verbatim source-table label,Adolescent health goals,,Index,directional trend,Source-defined assessment or summary statistic,Population specified by the underlying survey or assessment,Operational Framework for Rashtriya Kishor Swasthya Karyakram (RKSK),"Exhibits 2.02 and 2.03: Goal, outcome, output and programme/service-delivery indicators",GOAL-09,PDF pages 22–26,National; state; district,District,,No reviewed main-registry crosswalk yet,https://nhm.gov.in/images/pdf/programmes/RKSK/RKSK_Operational_Framework.pdf
IND-RMNCHA2-072,Percentage of adolescents who are thin (BMI <18.5 kg/m2),Verbatim source-table label,Nutrition,,Percentage/proportion,%,(numerator ÷ denominator) × 100,Adolescents assessed,Operational Framework for Rashtriya Kishor Swasthya Karyakram (RKSK),"Exhibits 2.02 and 2.03: Goal, outcome, output and programme/service-delivery indicators",1.1,PDF pages 22–26,National; state; district; facility/community where MIS permits,Facility/community where MIS permits,,No reviewed main-registry crosswalk yet,https://nhm.gov.in/images/pdf/programmes/RKSK/RKSK_Operational_Framework.pdf
IND-RMNCHA2-073,Percentage of adolescents who are overweight/obese (BMI >25.0 kg/m2),Verbatim source-table label,Nutrition,,Percentage/proportion,%,(numerator ÷ denominator) × 100,Adolescents assessed,Operational Framework for Rashtriya Kishor Swasthya Karyakram (RKSK),"Exhibits 2.02 and 2.03: Goal, outcome, output and programme/service-delivery indicators",1.2,PDF pages 22–26,National; state; district; facility/community where MIS permits,Facility/community where MIS permits,,No reviewed main-registry crosswalk yet,https://nhm.gov.in/images/pdf/programmes/RKSK/RKSK_Operational_Framework.pdf
IND-RMNCHA2-074,Percentage of adolescents with correct knowledge on balanced diet and nutritional deficiencies,Verbatim source-table label,Nutrition,,Percentage/proportion,%,(numerator ÷ denominator) × 100,Adolescents assessed,Operational Framework for Rashtriya Kishor Swasthya Karyakram (RKSK),"Exhibits 2.02 and 2.03: Goal, outcome, output and programme/service-delivery indicators",1.3,PDF pages 22–26,National; state; district; facility/community where MIS permits,Facility/community where MIS permits,,No reviewed main-registry crosswalk yet,https://nhm.gov.in/images/pdf/programmes/RKSK/RKSK_Operational_Framework.pdf
IND-RMNCHA2-075,"Percentage of care-givers such as ANMs, ASHAs, AWWs, teachers, peer educators and parents, having correct knowledge on balanced diet and nutritional deficiencies",Verbatim source-table label,Nutrition,,Percentage/proportion,%,(numerator ÷ denominator) × 100,Care-givers assessed,Operational Framework for Rashtriya Kishor Swasthya Karyakram (RKSK),"Exhibits 2.02 and 2.03: Goal, outcome, output and programme/service-delivery indicators",1.4,PDF pages 22–26,National; state; district; facility/community where MIS permits,Facility/community where MIS permits,,No reviewed main-registry crosswalk yet,https://nhm.gov.in/images/pdf/programmes/RKSK/RKSK_Operational_Framework.pdf
IND-RMNCHA2-076,Percentage of adolescents with any anaemia (<12.0 g/dl),Verbatim source-table label,Anaemia,,Percentage/proportion,%,(numerator ÷ denominator) × 100,Adolescents tested for haemoglobin,Operational Framework for Rashtriya Kishor Swasthya Karyakram (RKSK),"Exhibits 2.02 and 2.03: Goal, outcome, output and programme/service-delivery indicators",2.1,PDF pages 22–26,National; state; district; facility/community where MIS permits,Facility/community where MIS permits,,No reviewed main-registry crosswalk yet,https://nhm.gov.in/images/pdf/programmes/RKSK/RKSK_Operational_Framework.pdf
IND-RMNCHA2-077,Percentage of adolescents with severe anaemia (<7.0 g/dl),Verbatim source-table label,Anaemia,,Percentage/proportion,%,(numerator ÷ denominator) × 100,Adolescents tested for haemoglobin,Operational Framework for Rashtriya Kishor Swasthya Karyakram (RKSK),"Exhibits 2.02 and 2.03: Goal, outcome, output and programme/service-delivery indicators",2.2,PDF pages 22–26,National; state; district; facility/community where MIS permits,Facility/community where MIS permits,,No reviewed main-registry crosswalk yet,https://nhm.gov.in/images/pdf/programmes/RKSK/RKSK_Operational_Framework.pdf
IND-RMNCHA2-078,"Percentage of care givers such as ANMs, ASHAs, AWWs, teachers, peer educators, ASHA and parents having correct knowledge on iron rich foods",Verbatim source-table label,Anaemia,,Percentage/proportion,%,(numerator ÷ denominator) × 100,Care-givers assessed,Operational Framework for Rashtriya Kishor Swasthya Karyakram (RKSK),"Exhibits 2.02 and 2.03: Goal, outcome, output and programme/service-delivery indicators",2.3,PDF pages 22–26,National; state; district; facility/community where MIS permits,Facility/community where MIS permits,,No reviewed main-registry crosswalk yet,https://nhm.gov.in/images/pdf/programmes/RKSK/RKSK_Operational_Framework.pdf
IND-RMNCHA2-079,Percentage of adolescents having correct knowledge on iron-rich foods,Verbatim source-table label,Anaemia,,Percentage/proportion,%,(numerator ÷ denominator) × 100,Adolescents assessed,Operational Framework for Rashtriya Kishor Swasthya Karyakram (RKSK),"Exhibits 2.02 and 2.03: Goal, outcome, output and programme/service-delivery indicators",2.4,PDF pages 22–26,National; state; district; facility/community where MIS permits,Facility/community where MIS permits,,No reviewed main-registry crosswalk yet,https://nhm.gov.in/images/pdf/programmes/RKSK/RKSK_Operational_Framework.pdf
IND-RMNCHA2-080,Percentage of adolescents given 4-5 IFA tablets per month,Verbatim source-table label,Anaemia,,Percentage/proportion,%,(numerator ÷ denominator) × 100,Adolescents eligible for WIFS in the reporting month,Operational Framework for Rashtriya Kishor Swasthya Karyakram (RKSK),"Exhibits 2.02 and 2.03: Goal, outcome, output and programme/service-delivery indicators",2.5,PDF pages 22–26,National; state; district; facility/community where MIS permits,Facility/community where MIS permits,,No reviewed main-registry crosswalk yet,https://nhm.gov.in/images/pdf/programmes/RKSK/RKSK_Operational_Framework.pdf
IND-RMNCHA2-081,"Percentage of married adolescents reporting unmet need for contraceptives (separately for spacing, limiting and total)",Verbatim source-table label,Sexual and reproductive health,,Percentage/proportion,%,(numerator ÷ denominator) × 100,Married adolescents assessed,Operational Framework for Rashtriya Kishor Swasthya Karyakram (RKSK),"Exhibits 2.02 and 2.03: Goal, outcome, output and programme/service-delivery indicators",3.1,PDF pages 22–26,National; state; district; facility/community where MIS permits,Facility/community where MIS permits,,No reviewed main-registry crosswalk yet,https://nhm.gov.in/images/pdf/programmes/RKSK/RKSK_Operational_Framework.pdf
IND-RMNCHA2-082,Contraceptive prevalence rate among married adolescents,Verbatim source-table label,Sexual and reproductive health,,Percentage/proportion,%,(numerator ÷ denominator) × 100,Married adolescents assessed,Operational Framework for Rashtriya Kishor Swasthya Karyakram (RKSK),"Exhibits 2.02 and 2.03: Goal, outcome, output and programme/service-delivery indicators",3.2,PDF pages 22–26,National; state; district; facility/community where MIS permits,Facility/community where MIS permits,,No reviewed main-registry crosswalk yet,https://nhm.gov.in/images/pdf/programmes/RKSK/RKSK_Operational_Framework.pdf
IND-RMNCHA2-083,Percentage of adolescents who used condom during first sexual intercourse,Verbatim source-table label,Sexual and reproductive health,,Percentage/proportion,%,(numerator ÷ denominator) × 100,Adolescents reporting first sexual intercourse,Operational Framework for Rashtriya Kishor Swasthya Karyakram (RKSK),"Exhibits 2.02 and 2.03: Goal, outcome, output and programme/service-delivery indicators",3.3,PDF pages 22–26,National; state; district; facility/community where MIS permits,Facility/community where MIS permits,,No reviewed main-registry crosswalk yet,https://nhm.gov.in/images/pdf/programmes/RKSK/RKSK_Operational_Framework.pdf
IND-RMNCHA2-084,Percentage of adolescents aged 15-19 who had sexual debut before age 18,Verbatim source-table label,Sexual and reproductive health,,Percentage/proportion,%,(numerator ÷ denominator) × 100,Adolescents aged 15–19 assessed,Operational Framework for Rashtriya Kishor Swasthya Karyakram (RKSK),"Exhibits 2.02 and 2.03: Goal, outcome, output and programme/service-delivery indicators",3.4,PDF pages 22–26,National; state; district; facility/community where MIS permits,Facility/community where MIS permits,,No reviewed main-registry crosswalk yet,https://nhm.gov.in/images/pdf/programmes/RKSK/RKSK_Operational_Framework.pdf
IND-RMNCHA2-085,Percentage of adolescents correctly reporting that a woman can get pregnant at first sex if not used any contraception,Verbatim source-table label,Sexual and reproductive health,,Percentage/proportion,%,(numerator ÷ denominator) × 100,Adolescents assessed,Operational Framework for Rashtriya Kishor Swasthya Karyakram (RKSK),"Exhibits 2.02 and 2.03: Goal, outcome, output and programme/service-delivery indicators",3.5,PDF pages 22–26,National; state; district; facility/community where MIS permits,Facility/community where MIS permits,,No reviewed main-registry crosswalk yet,https://nhm.gov.in/images/pdf/programmes/RKSK/RKSK_Operational_Framework.pdf
IND-RMNCHA2-086,Percentage of adolescents aged 15–19 with knowledge of at least one modern method of contraception,Verbatim source-table label,Sexual and reproductive health,,Percentage/proportion,%,(numerator ÷ denominator) × 100,Adolescents aged 15–19 assessed,Operational Framework for Rashtriya Kishor Swasthya Karyakram (RKSK),"Exhibits 2.02 and 2.03: Goal, outcome, output and programme/service-delivery indicators",3.6,PDF pages 22–26,National; state; district; facility/community where MIS permits,Facility/community where MIS permits,,No reviewed main-registry crosswalk yet,https://nhm.gov.in/images/pdf/programmes/RKSK/RKSK_Operational_Framework.pdf
IND-RMNCHA2-087,Percentage of adolescents with comprehensive knowledge about HIV/AIDS,Verbatim source-table label,Sexual and reproductive health,,Percentage/proportion,%,(numerator ÷ denominator) × 100,Adolescents assessed,Operational Framework for Rashtriya Kishor Swasthya Karyakram (RKSK),"Exhibits 2.02 and 2.03: Goal, outcome, output and programme/service-delivery indicators",3.7,PDF pages 22–26,National; state; district; facility/community where MIS permits,Facility/community where MIS permits,,No reviewed main-registry crosswalk yet,https://nhm.gov.in/images/pdf/programmes/RKSK/RKSK_Operational_Framework.pdf
IND-RMNCHA2-088,Percentage of adolescents aware of at least one symptom of RTI/STI,Verbatim source-table label,Sexual and reproductive health,,Percentage/proportion,%,(numerator ÷ denominator) × 100,Adolescents assessed,Operational Framework for Rashtriya Kishor Swasthya Karyakram (RKSK),"Exhibits 2.02 and 2.03: Goal, outcome, output and programme/service-delivery indicators",3.8,PDF pages 22–26,National; state; district; facility/community where MIS permits,Facility/community where MIS permits,,No reviewed main-registry crosswalk yet,https://nhm.gov.in/images/pdf/programmes/RKSK/RKSK_Operational_Framework.pdf
IND-RMNCHA2-089,"Percentage of care-givers such as AWWs, teachers, peer educators, ASHAs and parents, who have correct knowledge of adolescent SRH management",Verbatim source-table label,Sexual and reproductive health,,Percentage/proportion,%,(numerator ÷ denominator) × 100,Care-givers assessed,Operational Framework for Rashtriya Kishor Swasthya Karyakram (RKSK),"Exhibits 2.02 and 2.03: Goal, outcome, output and programme/service-delivery indicators",3.9,PDF pages 22–26,National; state; district; facility/community where MIS permits,Facility/community where MIS permits,,No reviewed main-registry crosswalk yet,https://nhm.gov.in/images/pdf/programmes/RKSK/RKSK_Operational_Framework.pdf
IND-RMNCHA2-090,"Percentage of adolescents accessing adolescent clinics for RTI/STI, abortion and puberty related problems",Verbatim source-table label,Sexual and reproductive health,,Percentage/proportion,%,(numerator ÷ denominator) × 100,Adolescents in the relevant programme population,Operational Framework for Rashtriya Kishor Swasthya Karyakram (RKSK),"Exhibits 2.02 and 2.03: Goal, outcome, output and programme/service-delivery indicators",3.10,PDF pages 22–26,National; state; district; facility/community where MIS permits,Facility/community where MIS permits,,No reviewed main-registry crosswalk yet,https://nhm.gov.in/images/pdf/programmes/RKSK/RKSK_Operational_Framework.pdf
IND-RMNCHA2-091,Percentage of adolescent girls aware of benefits of menstrual hygiene,Verbatim source-table label,Menstrual hygiene,,Percentage/proportion,%,(numerator ÷ denominator) × 100,Adolescent girls assessed,Operational Framework for Rashtriya Kishor Swasthya Karyakram (RKSK),"Exhibits 2.02 and 2.03: Goal, outcome, output and programme/service-delivery indicators",3.11,PDF pages 22–26,National; state; district; facility/community where MIS permits,Facility/community where MIS permits,,No reviewed main-registry crosswalk yet,https://nhm.gov.in/images/pdf/programmes/RKSK/RKSK_Operational_Framework.pdf
IND-RMNCHA2-092,Percentage of adolescent girls using disposable sanitary napkins or washed and sun-dried cloth,Verbatim source-table label,Menstrual hygiene,,Percentage/proportion,%,(numerator ÷ denominator) × 100,Adolescent girls assessed,Operational Framework for Rashtriya Kishor Swasthya Karyakram (RKSK),"Exhibits 2.02 and 2.03: Goal, outcome, output and programme/service-delivery indicators",3.12,PDF pages 22–26,National; state; district; facility/community where MIS permits,Facility/community where MIS permits,,No reviewed main-registry crosswalk yet,https://nhm.gov.in/images/pdf/programmes/RKSK/RKSK_Operational_Framework.pdf
IND-RMNCHA2-093,Percentage of adolescents married in age group 15–19,Verbatim source-table label,Teenage pregnancy,,Percentage/proportion,%,(numerator ÷ denominator) × 100,Adolescents aged 15–19 assessed,Operational Framework for Rashtriya Kishor Swasthya Karyakram (RKSK),"Exhibits 2.02 and 2.03: Goal, outcome, output and programme/service-delivery indicators",4.1,PDF pages 22–26,National; state; district; facility/community where MIS permits,Facility/community where MIS permits,,No reviewed main-registry crosswalk yet,https://nhm.gov.in/images/pdf/programmes/RKSK/RKSK_Operational_Framework.pdf
IND-RMNCHA2-094,Percentage of married adolescents aged 15-19 who have begun childbearing (either had a live births or pregnant with first child),Verbatim source-table label,Teenage pregnancy,,Percentage/proportion,%,(numerator ÷ denominator) × 100,Married adolescents aged 15–19 assessed,Operational Framework for Rashtriya Kishor Swasthya Karyakram (RKSK),"Exhibits 2.02 and 2.03: Goal, outcome, output and programme/service-delivery indicators",4.2,PDF pages 22–26,National; state; district; facility/community where MIS permits,Facility/community where MIS permits,,No reviewed main-registry crosswalk yet,https://nhm.gov.in/images/pdf/programmes/RKSK/RKSK_Operational_Framework.pdf
IND-RMNCHA2-095,Median Age at first Marriage,Verbatim source-table label,Teenage pregnancy,,Index,years,Source-defined assessment or summary statistic,Ever-married respondents assessed,Operational Framework for Rashtriya Kishor Swasthya Karyakram (RKSK),"Exhibits 2.02 and 2.03: Goal, outcome, output and programme/service-delivery indicators",4.3,PDF pages 22–26,National; state; district; facility/community where MIS permits,Facility/community where MIS permits,,No reviewed main-registry crosswalk yet,https://nhm.gov.in/images/pdf/programmes/RKSK/RKSK_Operational_Framework.pdf
IND-RMNCHA2-096,Age-specific fertility rates (15-19 years),Verbatim source-table label,Teenage pregnancy,,Rate per population,"births per 1,000 women aged 15–19","(numerator ÷ denominator) × 1,000",Women aged 15–19,Operational Framework for Rashtriya Kishor Swasthya Karyakram (RKSK),"Exhibits 2.02 and 2.03: Goal, outcome, output and programme/service-delivery indicators",4.4,PDF pages 22–26,National; state; district; facility/community where MIS permits,Facility/community where MIS permits,,No reviewed main-registry crosswalk yet,https://nhm.gov.in/images/pdf/programmes/RKSK/RKSK_Operational_Framework.pdf
IND-RMNCHA2-097,Percentage of married adolescents aged 15-19 years using any modern method of contraception,Verbatim source-table label,Teenage pregnancy,,Percentage/proportion,%,(numerator ÷ denominator) × 100,Married adolescents aged 15–19 assessed,Operational Framework for Rashtriya Kishor Swasthya Karyakram (RKSK),"Exhibits 2.02 and 2.03: Goal, outcome, output and programme/service-delivery indicators",4.5,PDF pages 22–26,National; state; district; facility/community where MIS permits,Facility/community where MIS permits,,No reviewed main-registry crosswalk yet,https://nhm.gov.in/images/pdf/programmes/RKSK/RKSK_Operational_Framework.pdf
IND-RMNCHA2-098,Percentage of adolescents indicating positive attitude about delaying first conception after marriage,Verbatim source-table label,Teenage pregnancy,,Percentage/proportion,%,(numerator ÷ denominator) × 100,Adolescents assessed,Operational Framework for Rashtriya Kishor Swasthya Karyakram (RKSK),"Exhibits 2.02 and 2.03: Goal, outcome, output and programme/service-delivery indicators",4.6,PDF pages 22–26,National; state; district; facility/community where MIS permits,Facility/community where MIS permits,,No reviewed main-registry crosswalk yet,https://nhm.gov.in/images/pdf/programmes/RKSK/RKSK_Operational_Framework.pdf
IND-RMNCHA2-099,Percentage of married adolescent couples having comprehensive knowledge on risks of early pregnancy,Verbatim source-table label,Teenage pregnancy,,Percentage/proportion,%,(numerator ÷ denominator) × 100,Married adolescent couples assessed,Operational Framework for Rashtriya Kishor Swasthya Karyakram (RKSK),"Exhibits 2.02 and 2.03: Goal, outcome, output and programme/service-delivery indicators",4.7,PDF pages 22–26,National; state; district; facility/community where MIS permits,Facility/community where MIS permits,,No reviewed main-registry crosswalk yet,https://nhm.gov.in/images/pdf/programmes/RKSK/RKSK_Operational_Framework.pdf
IND-RMNCHA2-100,Percentage of parents/community leaders having correct knowledge of legal age at marriage and disadvantages of early child bearing,Verbatim source-table label,Teenage pregnancy,,Percentage/proportion,%,(numerator ÷ denominator) × 100,Parents and community leaders assessed,Operational Framework for Rashtriya Kishor Swasthya Karyakram (RKSK),"Exhibits 2.02 and 2.03: Goal, outcome, output and programme/service-delivery indicators",4.8,PDF pages 22–26,National; state; district; facility/community where MIS permits,Facility/community where MIS permits,,No reviewed main-registry crosswalk yet,https://nhm.gov.in/images/pdf/programmes/RKSK/RKSK_Operational_Framework.pdf
IND-RMNCHA2-101,Percentage of married adolescent couples accessing adolescent clinics for contraceptives or counselling on family planning services,Verbatim source-table label,Teenage pregnancy,,Percentage/proportion,%,(numerator ÷ denominator) × 100,Married adolescent couples in the programme population,Operational Framework for Rashtriya Kishor Swasthya Karyakram (RKSK),"Exhibits 2.02 and 2.03: Goal, outcome, output and programme/service-delivery indicators",4.9,PDF pages 22–26,National; state; district; facility/community where MIS permits,Facility/community where MIS permits,,No reviewed main-registry crosswalk yet,https://nhm.gov.in/images/pdf/programmes/RKSK/RKSK_Operational_Framework.pdf
IND-RMNCHA2-102,Percentage of pregnant adolescents who received antenatal care within the first trimester of pregnancy,Verbatim source-table label,Adolescent pregnancy care,,Percentage/proportion,%,(numerator ÷ denominator) × 100,Pregnant adolescents assessed,Operational Framework for Rashtriya Kishor Swasthya Karyakram (RKSK),"Exhibits 2.02 and 2.03: Goal, outcome, output and programme/service-delivery indicators",5.1,PDF pages 22–26,National; state; district; facility/community where MIS permits,Facility/community where MIS permits,,No reviewed main-registry crosswalk yet,https://nhm.gov.in/images/pdf/programmes/RKSK/RKSK_Operational_Framework.pdf
IND-RMNCHA2-103,Percentage of pregnant adolescents who received at least three antenatal care checkups,Verbatim source-table label,Adolescent pregnancy care,,Percentage/proportion,%,(numerator ÷ denominator) × 100,Pregnant adolescents assessed,Operational Framework for Rashtriya Kishor Swasthya Karyakram (RKSK),"Exhibits 2.02 and 2.03: Goal, outcome, output and programme/service-delivery indicators",5.2,PDF pages 22–26,National; state; district; facility/community where MIS permits,Facility/community where MIS permits,,No reviewed main-registry crosswalk yet,https://nhm.gov.in/images/pdf/programmes/RKSK/RKSK_Operational_Framework.pdf
IND-RMNCHA2-104,Percentage of adolescent mothers who delivered in a health facility during last one year,Verbatim source-table label,Adolescent pregnancy care,,Percentage/proportion,%,(numerator ÷ denominator) × 100,Adolescent mothers with a birth in the last year,Operational Framework for Rashtriya Kishor Swasthya Karyakram (RKSK),"Exhibits 2.02 and 2.03: Goal, outcome, output and programme/service-delivery indicators",5.3,PDF pages 22–26,National; state; district; facility/community where MIS permits,Facility/community where MIS permits,,No reviewed main-registry crosswalk yet,https://nhm.gov.in/images/pdf/programmes/RKSK/RKSK_Operational_Framework.pdf
IND-RMNCHA2-105,Percentage of adolescent mothers who received assistance during delivery from health personnel during last one year,Verbatim source-table label,Adolescent pregnancy care,,Percentage/proportion,%,(numerator ÷ denominator) × 100,Adolescent mothers with a birth in the last year,Operational Framework for Rashtriya Kishor Swasthya Karyakram (RKSK),"Exhibits 2.02 and 2.03: Goal, outcome, output and programme/service-delivery indicators",5.4,PDF pages 22–26,National; state; district; facility/community where MIS permits,Facility/community where MIS permits,,No reviewed main-registry crosswalk yet,https://nhm.gov.in/images/pdf/programmes/RKSK/RKSK_Operational_Framework.pdf
IND-RMNCHA2-106,Percentage of adolescents reporting correct knowledge of care during pregnancy,Verbatim source-table label,Adolescent pregnancy care,,Percentage/proportion,%,(numerator ÷ denominator) × 100,Adolescents assessed,Operational Framework for Rashtriya Kishor Swasthya Karyakram (RKSK),"Exhibits 2.02 and 2.03: Goal, outcome, output and programme/service-delivery indicators",5.5,PDF pages 22–26,National; state; district; facility/community where MIS permits,Facility/community where MIS permits,,No reviewed main-registry crosswalk yet,https://nhm.gov.in/images/pdf/programmes/RKSK/RKSK_Operational_Framework.pdf
IND-RMNCHA2-107,"Percentage of service providers (such as, ASHAs, ANMs, AWWs etc.) reporting correct knowledge of care during pregnancy",Verbatim source-table label,Adolescent pregnancy care,,Percentage/proportion,%,(numerator ÷ denominator) × 100,Service providers assessed,Operational Framework for Rashtriya Kishor Swasthya Karyakram (RKSK),"Exhibits 2.02 and 2.03: Goal, outcome, output and programme/service-delivery indicators",5.6,PDF pages 22–26,National; state; district; facility/community where MIS permits,Facility/community where MIS permits,,No reviewed main-registry crosswalk yet,https://nhm.gov.in/images/pdf/programmes/RKSK/RKSK_Operational_Framework.pdf
IND-RMNCHA2-108,Percentage of adolescents accessing adolescent clinics for counselling on pregnancy care,Verbatim source-table label,Adolescent pregnancy care,,Percentage/proportion,%,(numerator ÷ denominator) × 100,Adolescents in the relevant programme population,Operational Framework for Rashtriya Kishor Swasthya Karyakram (RKSK),"Exhibits 2.02 and 2.03: Goal, outcome, output and programme/service-delivery indicators",5.7,PDF pages 22–26,National; state; district; facility/community where MIS permits,Facility/community where MIS permits,,No reviewed main-registry crosswalk yet,https://nhm.gov.in/images/pdf/programmes/RKSK/RKSK_Operational_Framework.pdf
IND-RMNCHA2-109,Percentage of adolescents (10-14 and 15-19 years) who reported felling of sad/hopeless/depressed almost every day at least for two weeks during last one year,Verbatim source-table label,Mental health,,Percentage/proportion,%,(numerator ÷ denominator) × 100,Adolescents aged 10–19 assessed,Operational Framework for Rashtriya Kishor Swasthya Karyakram (RKSK),"Exhibits 2.02 and 2.03: Goal, outcome, output and programme/service-delivery indicators",6.1,PDF pages 22–26,National; state; district; facility/community where MIS permits,Facility/community where MIS permits,,No reviewed main-registry crosswalk yet,https://nhm.gov.in/images/pdf/programmes/RKSK/RKSK_Operational_Framework.pdf
IND-RMNCHA2-110,"The proportion of adolescents aged 10-14, 15-19 years who reported that during the past 12 months they felt so sad or hopeless almost every day for two weeks or more in a row, that they stopped doing their usual activities",Verbatim source-table label,Mental health,,Percentage/proportion,%,(numerator ÷ denominator) × 100,Adolescents aged 10–19 assessed,Operational Framework for Rashtriya Kishor Swasthya Karyakram (RKSK),"Exhibits 2.02 and 2.03: Goal, outcome, output and programme/service-delivery indicators",6.2,PDF pages 22–26,National; state; district; facility/community where MIS permits,Facility/community where MIS permits,,No reviewed main-registry crosswalk yet,https://nhm.gov.in/images/pdf/programmes/RKSK/RKSK_Operational_Framework.pdf
IND-RMNCHA2-111,"Percentage of adolescents, who have correct knowledge of early warning signals of common mental health problems",Verbatim source-table label,Mental health,,Percentage/proportion,%,(numerator ÷ denominator) × 100,Adolescents assessed,Operational Framework for Rashtriya Kishor Swasthya Karyakram (RKSK),"Exhibits 2.02 and 2.03: Goal, outcome, output and programme/service-delivery indicators",6.3,PDF pages 22–26,National; state; district; facility/community where MIS permits,Facility/community where MIS permits,,No reviewed main-registry crosswalk yet,https://nhm.gov.in/images/pdf/programmes/RKSK/RKSK_Operational_Framework.pdf
IND-RMNCHA2-112,"Percentage of teachers, parents and ANMs who have correct knowledge on early warning signals of common mental health problems",Verbatim source-table label,Mental health,,Percentage/proportion,%,(numerator ÷ denominator) × 100,"Teachers, parents and ANMs assessed",Operational Framework for Rashtriya Kishor Swasthya Karyakram (RKSK),"Exhibits 2.02 and 2.03: Goal, outcome, output and programme/service-delivery indicators",6.4,PDF pages 22–26,National; state; district; facility/community where MIS permits,Facility/community where MIS permits,,No reviewed main-registry crosswalk yet,https://nhm.gov.in/images/pdf/programmes/RKSK/RKSK_Operational_Framework.pdf
IND-RMNCHA2-113,Percentage of adolescents accessing adolescent clinics for counselling on mental health,Verbatim source-table label,Mental health,,Percentage/proportion,%,(numerator ÷ denominator) × 100,Adolescents in the relevant programme population,Operational Framework for Rashtriya Kishor Swasthya Karyakram (RKSK),"Exhibits 2.02 and 2.03: Goal, outcome, output and programme/service-delivery indicators",6.5,PDF pages 22–26,National; state; district; facility/community where MIS permits,Facility/community where MIS permits,,No reviewed main-registry crosswalk yet,https://nhm.gov.in/images/pdf/programmes/RKSK/RKSK_Operational_Framework.pdf
IND-RMNCHA2-114,Percentage of married adolescents who have experienced physical violence from their spouses in past 12 months,Verbatim source-table label,Injuries and violence,,Percentage/proportion,%,(numerator ÷ denominator) × 100,Married adolescents assessed,Operational Framework for Rashtriya Kishor Swasthya Karyakram (RKSK),"Exhibits 2.02 and 2.03: Goal, outcome, output and programme/service-delivery indicators",7.1,PDF pages 22–26,National; state; district; facility/community where MIS permits,Facility/community where MIS permits,,No reviewed main-registry crosswalk yet,https://nhm.gov.in/images/pdf/programmes/RKSK/RKSK_Operational_Framework.pdf
IND-RMNCHA2-115,Percentage of married adolescents who have experienced emotional violence from their spouses in past 12 months,Verbatim source-table label,Injuries and violence,,Percentage/proportion,%,(numerator ÷ denominator) × 100,Married adolescents assessed,Operational Framework for Rashtriya Kishor Swasthya Karyakram (RKSK),"Exhibits 2.02 and 2.03: Goal, outcome, output and programme/service-delivery indicators",7.2,PDF pages 22–26,National; state; district; facility/community where MIS permits,Facility/community where MIS permits,,No reviewed main-registry crosswalk yet,https://nhm.gov.in/images/pdf/programmes/RKSK/RKSK_Operational_Framework.pdf
IND-RMNCHA2-116,Percentage of married adolescents who have experienced sexual violence from their spouses in past 12 months,Verbatim source-table label,Injuries and violence,,Percentage/proportion,%,(numerator ÷ denominator) × 100,Married adolescents assessed,Operational Framework for Rashtriya Kishor Swasthya Karyakram (RKSK),"Exhibits 2.02 and 2.03: Goal, outcome, output and programme/service-delivery indicators",7.3,PDF pages 22–26,National; state; district; facility/community where MIS permits,Facility/community where MIS permits,,No reviewed main-registry crosswalk yet,https://nhm.gov.in/images/pdf/programmes/RKSK/RKSK_Operational_Framework.pdf
IND-RMNCHA2-117,"Percentage of married adolescents who have experienced physical, emotional or sexual violence from their spouses in past 12 months",Verbatim source-table label,Injuries and violence,,Percentage/proportion,%,(numerator ÷ denominator) × 100,Married adolescents assessed,Operational Framework for Rashtriya Kishor Swasthya Karyakram (RKSK),"Exhibits 2.02 and 2.03: Goal, outcome, output and programme/service-delivery indicators",7.4,PDF pages 22–26,National; state; district; facility/community where MIS permits,Facility/community where MIS permits,,No reviewed main-registry crosswalk yet,https://nhm.gov.in/images/pdf/programmes/RKSK/RKSK_Operational_Framework.pdf
IND-RMNCHA2-118,"The proportion of adolescents aged 10-19 years, who suffered from major injuries (accident, fall or any other which restricted their locomotor function), during the past 12 months",Verbatim source-table label,Injuries and violence,,Percentage/proportion,%,(numerator ÷ denominator) × 100,Adolescents aged 10–19 assessed,Operational Framework for Rashtriya Kishor Swasthya Karyakram (RKSK),"Exhibits 2.02 and 2.03: Goal, outcome, output and programme/service-delivery indicators",7.5,PDF pages 22–26,National; state; district; facility/community where MIS permits,Facility/community where MIS permits,,No reviewed main-registry crosswalk yet,https://nhm.gov.in/images/pdf/programmes/RKSK/RKSK_Operational_Framework.pdf
IND-RMNCHA2-119,Percentage of adolescent girls who agree that a husband is justified in hitting or beating his wife for at least one specified reason,Verbatim source-table label,Injuries and violence,,Percentage/proportion,%,(numerator ÷ denominator) × 100,Adolescent girls assessed,Operational Framework for Rashtriya Kishor Swasthya Karyakram (RKSK),"Exhibits 2.02 and 2.03: Goal, outcome, output and programme/service-delivery indicators",7.6,PDF pages 22–26,National; state; district; facility/community where MIS permits,Facility/community where MIS permits,,No reviewed main-registry crosswalk yet,https://nhm.gov.in/images/pdf/programmes/RKSK/RKSK_Operational_Framework.pdf
IND-RMNCHA2-120,"Percentage of peer educators and care givers (such as partners, husbands, mothers-in-law, teachers and service providers) reporting correct understanding of GBV",Verbatim source-table label,Injuries and violence,,Percentage/proportion,%,(numerator ÷ denominator) × 100,Peer educators and care-givers assessed,Operational Framework for Rashtriya Kishor Swasthya Karyakram (RKSK),"Exhibits 2.02 and 2.03: Goal, outcome, output and programme/service-delivery indicators",7.7,PDF pages 22–26,National; state; district; facility/community where MIS permits,Facility/community where MIS permits,,No reviewed main-registry crosswalk yet,https://nhm.gov.in/images/pdf/programmes/RKSK/RKSK_Operational_Framework.pdf
IND-RMNCHA2-121,Percentage of adolescents who drink alcohol at least once a week,Verbatim source-table label,Substance misuse,,Percentage/proportion,%,(numerator ÷ denominator) × 100,Adolescents assessed,Operational Framework for Rashtriya Kishor Swasthya Karyakram (RKSK),"Exhibits 2.02 and 2.03: Goal, outcome, output and programme/service-delivery indicators",8.1,PDF pages 22–26,National; state; district; facility/community where MIS permits,Facility/community where MIS permits,,No reviewed main-registry crosswalk yet,https://nhm.gov.in/images/pdf/programmes/RKSK/RKSK_Operational_Framework.pdf
IND-RMNCHA2-122,Percentage of adolescents who are daily tobacco users (smoking),Verbatim source-table label,Substance misuse,,Percentage/proportion,%,(numerator ÷ denominator) × 100,Adolescents assessed,Operational Framework for Rashtriya Kishor Swasthya Karyakram (RKSK),"Exhibits 2.02 and 2.03: Goal, outcome, output and programme/service-delivery indicators",8.2,PDF pages 22–26,National; state; district; facility/community where MIS permits,Facility/community where MIS permits,,No reviewed main-registry crosswalk yet,https://nhm.gov.in/images/pdf/programmes/RKSK/RKSK_Operational_Framework.pdf
IND-RMNCHA2-123,Proportion of adolescents aged 13-15 years who have smoked one or more cigarettes in the past 30 days,Verbatim source-table label,Substance misuse,,Percentage/proportion,%,(numerator ÷ denominator) × 100,Adolescents aged 13–15 assessed,Operational Framework for Rashtriya Kishor Swasthya Karyakram (RKSK),"Exhibits 2.02 and 2.03: Goal, outcome, output and programme/service-delivery indicators",8.3,PDF pages 22–26,National; state; district; facility/community where MIS permits,Facility/community where MIS permits,,No reviewed main-registry crosswalk yet,https://nhm.gov.in/images/pdf/programmes/RKSK/RKSK_Operational_Framework.pdf
IND-RMNCHA2-124,Percentage of adolescents who are daily smokeless tobacco users,Verbatim source-table label,Substance misuse,,Percentage/proportion,%,(numerator ÷ denominator) × 100,Adolescents assessed,Operational Framework for Rashtriya Kishor Swasthya Karyakram (RKSK),"Exhibits 2.02 and 2.03: Goal, outcome, output and programme/service-delivery indicators",8.4,PDF pages 22–26,National; state; district; facility/community where MIS permits,Facility/community where MIS permits,,No reviewed main-registry crosswalk yet,https://nhm.gov.in/images/pdf/programmes/RKSK/RKSK_Operational_Framework.pdf
IND-RMNCHA2-125,Percentage of adolescents who believe smoking causes serious illnesses,Verbatim source-table label,Substance misuse,,Percentage/proportion,%,(numerator ÷ denominator) × 100,Adolescents assessed,Operational Framework for Rashtriya Kishor Swasthya Karyakram (RKSK),"Exhibits 2.02 and 2.03: Goal, outcome, output and programme/service-delivery indicators",8.5,PDF pages 22–26,National; state; district; facility/community where MIS permits,Facility/community where MIS permits,,No reviewed main-registry crosswalk yet,https://nhm.gov.in/images/pdf/programmes/RKSK/RKSK_Operational_Framework.pdf
IND-RMNCHA2-126,Percentage of adolescents who believe smokeless tobacco causes serious illnesses,Verbatim source-table label,Substance misuse,,Percentage/proportion,%,(numerator ÷ denominator) × 100,Adolescents assessed,Operational Framework for Rashtriya Kishor Swasthya Karyakram (RKSK),"Exhibits 2.02 and 2.03: Goal, outcome, output and programme/service-delivery indicators",8.6,PDF pages 22–26,National; state; district; facility/community where MIS permits,Facility/community where MIS permits,,No reviewed main-registry crosswalk yet,https://nhm.gov.in/images/pdf/programmes/RKSK/RKSK_Operational_Framework.pdf
IND-RMNCHA2-127,"Percentage of peer educators and care givers (such as partners, husbands, mothers-in-law, teachers and service providers) reporting correct understanding of adverse effects and consequences of substance misuse",Verbatim source-table label,Substance misuse,,Percentage/proportion,%,(numerator ÷ denominator) × 100,Peer educators and care-givers assessed,Operational Framework for Rashtriya Kishor Swasthya Karyakram (RKSK),"Exhibits 2.02 and 2.03: Goal, outcome, output and programme/service-delivery indicators",8.7,PDF pages 22–26,National; state; district; facility/community where MIS permits,Facility/community where MIS permits,,No reviewed main-registry crosswalk yet,https://nhm.gov.in/images/pdf/programmes/RKSK/RKSK_Operational_Framework.pdf
IND-RMNCHA2-128,Prevalence of obesity in adolescents,Verbatim source-table label,NCD prevention,,Percentage/proportion,%,(numerator ÷ denominator) × 100,Adolescents assessed,Operational Framework for Rashtriya Kishor Swasthya Karyakram (RKSK),"Exhibits 2.02 and 2.03: Goal, outcome, output and programme/service-delivery indicators",9.1,PDF pages 22–26,National; state; district; facility/community where MIS permits,Facility/community where MIS permits,,No reviewed main-registry crosswalk yet,https://nhm.gov.in/images/pdf/programmes/RKSK/RKSK_Operational_Framework.pdf
IND-RMNCHA2-129,Prevalence of insufficiently active adolescents,Verbatim source-table label,NCD prevention,,Percentage/proportion,%,(numerator ÷ denominator) × 100,Adolescents assessed,Operational Framework for Rashtriya Kishor Swasthya Karyakram (RKSK),"Exhibits 2.02 and 2.03: Goal, outcome, output and programme/service-delivery indicators",9.2,PDF pages 22–26,National; state; district; facility/community where MIS permits,Facility/community where MIS permits,,No reviewed main-registry crosswalk yet,https://nhm.gov.in/images/pdf/programmes/RKSK/RKSK_Operational_Framework.pdf
IND-RMNCHA2-130,Prevalence of current tobacco use (smoking and smokeless) among adolescents,Verbatim source-table label,NCD prevention,,Percentage/proportion,%,(numerator ÷ denominator) × 100,Adolescents assessed,Operational Framework for Rashtriya Kishor Swasthya Karyakram (RKSK),"Exhibits 2.02 and 2.03: Goal, outcome, output and programme/service-delivery indicators",9.3,PDF pages 22–26,National; state; district; facility/community where MIS permits,Facility/community where MIS permits,,No reviewed main-registry crosswalk yet,https://nhm.gov.in/images/pdf/programmes/RKSK/RKSK_Operational_Framework.pdf
IND-RMNCHA2-131,Percentage of adolescents with diagnosed diabetes,Verbatim source-table label,NCD prevention,,Percentage/proportion,%,(numerator ÷ denominator) × 100,Adolescents assessed,Operational Framework for Rashtriya Kishor Swasthya Karyakram (RKSK),"Exhibits 2.02 and 2.03: Goal, outcome, output and programme/service-delivery indicators",9.4,PDF pages 22–26,National; state; district; facility/community where MIS permits,Facility/community where MIS permits,,No reviewed main-registry crosswalk yet,https://nhm.gov.in/images/pdf/programmes/RKSK/RKSK_Operational_Framework.pdf
IND-RMNCHA2-132,Percentage of adolescents with diagnosed hypertension,Verbatim source-table label,NCD prevention,,Percentage/proportion,%,(numerator ÷ denominator) × 100,Adolescents assessed,Operational Framework for Rashtriya Kishor Swasthya Karyakram (RKSK),"Exhibits 2.02 and 2.03: Goal, outcome, output and programme/service-delivery indicators",9.5,PDF pages 22–26,National; state; district; facility/community where MIS permits,Facility/community where MIS permits,,No reviewed main-registry crosswalk yet,https://nhm.gov.in/images/pdf/programmes/RKSK/RKSK_Operational_Framework.pdf
IND-RMNCHA2-133,"Percentage of adolescents, who have correct knowledge of early warning signals of NCD (diabetes and hypertension)",Verbatim source-table label,NCD prevention,,Percentage/proportion,%,(numerator ÷ denominator) × 100,Adolescents assessed,Operational Framework for Rashtriya Kishor Swasthya Karyakram (RKSK),"Exhibits 2.02 and 2.03: Goal, outcome, output and programme/service-delivery indicators",9.6,PDF pages 22–26,National; state; district; facility/community where MIS permits,Facility/community where MIS permits,,No reviewed main-registry crosswalk yet,https://nhm.gov.in/images/pdf/programmes/RKSK/RKSK_Operational_Framework.pdf
IND-RMNCHA2-134,Percentage of adolescents with correct knowledge of healthy lifestyle,Verbatim source-table label,NCD prevention,,Percentage/proportion,%,(numerator ÷ denominator) × 100,Adolescents assessed,Operational Framework for Rashtriya Kishor Swasthya Karyakram (RKSK),"Exhibits 2.02 and 2.03: Goal, outcome, output and programme/service-delivery indicators",9.7,PDF pages 22–26,National; state; district; facility/community where MIS permits,Facility/community where MIS permits,,No reviewed main-registry crosswalk yet,https://nhm.gov.in/images/pdf/programmes/RKSK/RKSK_Operational_Framework.pdf
IND-RMNCHA2-135,Percentage and number of Peer Educators enrolled against planned,Verbatim source-table label,Peer Education Programme,,Percentage/proportion,%,(numerator ÷ denominator) × 100,Peer Educators planned,Operational Framework for Rashtriya Kishor Swasthya Karyakram (RKSK),"Exhibits 2.02 and 2.03: Goal, outcome, output and programme/service-delivery indicators",PE-01,PDF pages 22–26,Community; facility; block; district; state; national,Community/facility,,No reviewed main-registry crosswalk yet,https://nhm.gov.in/images/pdf/programmes/RKSK/RKSK_Operational_Framework.pdf
IND-RMNCHA2-136,Percentage and numbers of peer educators trained (out of to total number of PEs),Verbatim source-table label,Peer Education Programme,,Percentage/proportion,%,(numerator ÷ denominator) × 100,Peer Educators enrolled,Operational Framework for Rashtriya Kishor Swasthya Karyakram (RKSK),"Exhibits 2.02 and 2.03: Goal, outcome, output and programme/service-delivery indicators",PE-02,PDF pages 22–26,Community; facility; block; district; state; national,Community/facility,,No reviewed main-registry crosswalk yet,https://nhm.gov.in/images/pdf/programmes/RKSK/RKSK_Operational_Framework.pdf
IND-RMNCHA2-137,Percentage and number of adolescents reached through village based Peer Educators,Verbatim source-table label,Peer Education Programme,,Percentage/proportion,%,(numerator ÷ denominator) × 100,Adolescents planned to be reached,Operational Framework for Rashtriya Kishor Swasthya Karyakram (RKSK),"Exhibits 2.02 and 2.03: Goal, outcome, output and programme/service-delivery indicators",PE-03,PDF pages 22–26,Community; facility; block; district; state; national,Community/facility,,No reviewed main-registry crosswalk yet,https://nhm.gov.in/images/pdf/programmes/RKSK/RKSK_Operational_Framework.pdf
IND-RMNCHA2-138,Percentage and number of sessions held by peer educators against planned,Verbatim source-table label,Peer Education Programme,,Percentage/proportion,%,(numerator ÷ denominator) × 100,Peer educator sessions planned,Operational Framework for Rashtriya Kishor Swasthya Karyakram (RKSK),"Exhibits 2.02 and 2.03: Goal, outcome, output and programme/service-delivery indicators",PE-04,PDF pages 22–26,Community; facility; block; district; state; national,Community/facility,,No reviewed main-registry crosswalk yet,https://nhm.gov.in/images/pdf/programmes/RKSK/RKSK_Operational_Framework.pdf
IND-RMNCHA2-139,Number of adolescents referred by PE to AFHC,Verbatim source-table label,Peer Education Programme,,Count,count,Source-defined aggregation or count,"Not applicable—absolute count, source reporting element, or source-defined value",Operational Framework for Rashtriya Kishor Swasthya Karyakram (RKSK),"Exhibits 2.02 and 2.03: Goal, outcome, output and programme/service-delivery indicators",PE-05,PDF pages 22–26,Community; facility; block; district; state; national,Community/facility,,No reviewed main-registry crosswalk yet,https://nhm.gov.in/images/pdf/programmes/RKSK/RKSK_Operational_Framework.pdf
IND-RMNCHA2-140,"Percentage and number of AFHC operationalised against planned (at PHC, CHC, DH/Medical College)",Verbatim source-table label,Adolescent Friendly Health Clinics,,Percentage/proportion,%,(numerator ÷ denominator) × 100,AFHCs planned,Operational Framework for Rashtriya Kishor Swasthya Karyakram (RKSK),"Exhibits 2.02 and 2.03: Goal, outcome, output and programme/service-delivery indicators",AFHC-01,PDF pages 22–26,Community; facility; block; district; state; national,Community/facility,,No reviewed main-registry crosswalk yet,https://nhm.gov.in/images/pdf/programmes/RKSK/RKSK_Operational_Framework.pdf
IND-RMNCHA2-141,Client load at Adolescent Friendly Health Clinics per month (no.),Verbatim source-table label,Adolescent Friendly Health Clinics,,Count,count,Source-defined aggregation or count,"Not applicable—absolute count, source reporting element, or source-defined value",Operational Framework for Rashtriya Kishor Swasthya Karyakram (RKSK),"Exhibits 2.02 and 2.03: Goal, outcome, output and programme/service-delivery indicators",AFHC-02,PDF pages 22–26,Community; facility; block; district; state; national,Community/facility,,No reviewed main-registry crosswalk yet,https://nhm.gov.in/images/pdf/programmes/RKSK/RKSK_Operational_Framework.pdf
IND-RMNCHA2-142,Client referred from community to AFHC per month (no.),Verbatim source-table label,Adolescent Friendly Health Clinics,,Count,count,Source-defined aggregation or count,"Not applicable—absolute count, source reporting element, or source-defined value",Operational Framework for Rashtriya Kishor Swasthya Karyakram (RKSK),"Exhibits 2.02 and 2.03: Goal, outcome, output and programme/service-delivery indicators",AFHC-03,PDF pages 22–26,Community; facility; block; district; state; national,Community/facility,,No reviewed main-registry crosswalk yet,https://nhm.gov.in/images/pdf/programmes/RKSK/RKSK_Operational_Framework.pdf
IND-RMNCHA2-143,"Percentage of adolescents accessing adolescent clinics for puberty-related problems, RTIs/STIs, mental health concerns, abortion care, nutrition",Verbatim source-table label,Adolescent Friendly Health Clinics,,Percentage/proportion,%,(numerator ÷ denominator) × 100,Adolescents accessing adolescent clinics,Operational Framework for Rashtriya Kishor Swasthya Karyakram (RKSK),"Exhibits 2.02 and 2.03: Goal, outcome, output and programme/service-delivery indicators",AFHC-04,PDF pages 22–26,Community; facility; block; district; state; national,Community/facility,,No reviewed main-registry crosswalk yet,https://nhm.gov.in/images/pdf/programmes/RKSK/RKSK_Operational_Framework.pdf
IND-RMNCHA2-144,Percentage and number of AH counsellors recruited against planned,Verbatim source-table label,Adolescent Friendly Health Clinics,,Percentage/proportion,%,(numerator ÷ denominator) × 100,AH counsellors planned,Operational Framework for Rashtriya Kishor Swasthya Karyakram (RKSK),"Exhibits 2.02 and 2.03: Goal, outcome, output and programme/service-delivery indicators",AFHC-05,PDF pages 22–26,Community; facility; block; district; state; national,Community/facility,,No reviewed main-registry crosswalk yet,https://nhm.gov.in/images/pdf/programmes/RKSK/RKSK_Operational_Framework.pdf
IND-RMNCHA2-145,Total no. of clients counselled,Verbatim source-table label,Adolescent Friendly Health Clinics,,Count,count,Source-defined aggregation or count,"Not applicable—absolute count, source reporting element, or source-defined value",Operational Framework for Rashtriya Kishor Swasthya Karyakram (RKSK),"Exhibits 2.02 and 2.03: Goal, outcome, output and programme/service-delivery indicators",AFHC-06,PDF pages 22–26,Community; facility; block; district; state; national,Community/facility,,No reviewed main-registry crosswalk yet,https://nhm.gov.in/images/pdf/programmes/RKSK/RKSK_Operational_Framework.pdf
IND-RMNCHA2-146,Percentage and number of trained Counsellors in place against planned,Verbatim source-table label,Adolescent Friendly Health Clinics,,Percentage/proportion,%,(numerator ÷ denominator) × 100,Counsellor positions planned,Operational Framework for Rashtriya Kishor Swasthya Karyakram (RKSK),"Exhibits 2.02 and 2.03: Goal, outcome, output and programme/service-delivery indicators",AFHC-07,PDF pages 22–26,Community; facility; block; district; state; national,Community/facility,,No reviewed main-registry crosswalk yet,https://nhm.gov.in/images/pdf/programmes/RKSK/RKSK_Operational_Framework.pdf
IND-RMNCHA2-147,Proportion of trained counsellors to total number of adolescents,Verbatim source-table label,Adolescent Friendly Health Clinics,,Percentage/proportion,%,(numerator ÷ denominator) × 100,Adolescents in the programme population,Operational Framework for Rashtriya Kishor Swasthya Karyakram (RKSK),"Exhibits 2.02 and 2.03: Goal, outcome, output and programme/service-delivery indicators",AFHC-08,PDF pages 22–26,Community; facility; block; district; state; national,Community/facility,,No reviewed main-registry crosswalk yet,https://nhm.gov.in/images/pdf/programmes/RKSK/RKSK_Operational_Framework.pdf
IND-RMNCHA2-148,Percentage and number of MO trained in AFHS (Male/ female) against planned,Verbatim source-table label,Adolescent Friendly Health Clinics,,Percentage/proportion,%,(numerator ÷ denominator) × 100,Medical officers planned for AFHS training,Operational Framework for Rashtriya Kishor Swasthya Karyakram (RKSK),"Exhibits 2.02 and 2.03: Goal, outcome, output and programme/service-delivery indicators",AFHC-09,PDF pages 22–26,Community; facility; block; district; state; national,Community/facility,,No reviewed main-registry crosswalk yet,https://nhm.gov.in/images/pdf/programmes/RKSK/RKSK_Operational_Framework.pdf
IND-RMNCHA2-149,Percentage and number of ANMs/LHVs trained on AFHS against planned,Verbatim source-table label,Adolescent Friendly Health Clinics,,Percentage/proportion,%,(numerator ÷ denominator) × 100,ANMs/LHVs planned for AFHS training,Operational Framework for Rashtriya Kishor Swasthya Karyakram (RKSK),"Exhibits 2.02 and 2.03: Goal, outcome, output and programme/service-delivery indicators",AFHC-10,PDF pages 22–26,Community; facility; block; district; state; national,Community/facility,,No reviewed main-registry crosswalk yet,https://nhm.gov.in/images/pdf/programmes/RKSK/RKSK_Operational_Framework.pdf
IND-RMNCHA2-150,Number and percentage of AHD planned and held,Verbatim source-table label,Adolescent Health Day,,Count,count,Source-defined aggregation or count,"Not applicable—absolute count, source reporting element, or source-defined value",Operational Framework for Rashtriya Kishor Swasthya Karyakram (RKSK),"Exhibits 2.02 and 2.03: Goal, outcome, output and programme/service-delivery indicators",AHD-01,PDF pages 22–26,Community; facility; block; district; state; national,Community/facility,,No reviewed main-registry crosswalk yet,https://nhm.gov.in/images/pdf/programmes/RKSK/RKSK_Operational_Framework.pdf
IND-RMNCHA2-151,Total number of adolescents visiting AHD,Verbatim source-table label,Adolescent Health Day,,Count,count,Source-defined aggregation or count,"Not applicable—absolute count, source reporting element, or source-defined value",Operational Framework for Rashtriya Kishor Swasthya Karyakram (RKSK),"Exhibits 2.02 and 2.03: Goal, outcome, output and programme/service-delivery indicators",AHD-02,PDF pages 22–26,Community; facility; block; district; state; national,Community/facility,,No reviewed main-registry crosswalk yet,https://nhm.gov.in/images/pdf/programmes/RKSK/RKSK_Operational_Framework.pdf
IND-RMNCHA2-152,Total number of adolescents referred to AFHCs during AHD,Verbatim source-table label,Adolescent Health Day,,Count,count,Source-defined aggregation or count,"Not applicable—absolute count, source reporting element, or source-defined value",Operational Framework for Rashtriya Kishor Swasthya Karyakram (RKSK),"Exhibits 2.02 and 2.03: Goal, outcome, output and programme/service-delivery indicators",AHD-03,PDF pages 22–26,Community; facility; block; district; state; national,Community/facility,,No reviewed main-registry crosswalk yet,https://nhm.gov.in/images/pdf/programmes/RKSK/RKSK_Operational_Framework.pdf
IND-RMNCHA2-153,Total number and percentage of AHDs providing contraceptives,Verbatim source-table label,Adolescent Health Day,,Percentage/proportion,%,(numerator ÷ denominator) × 100,Adolescent Health Days held,Operational Framework for Rashtriya Kishor Swasthya Karyakram (RKSK),"Exhibits 2.02 and 2.03: Goal, outcome, output and programme/service-delivery indicators",AHD-04,PDF pages 22–26,Community; facility; block; district; state; national,Community/facility,,No reviewed main-registry crosswalk yet,https://nhm.gov.in/images/pdf/programmes/RKSK/RKSK_Operational_Framework.pdf
IND-RMNCHA2-154,Total number of parents attending AHD,Verbatim source-table label,Adolescent Health Day,,Count,count,Source-defined aggregation or count,"Not applicable—absolute count, source reporting element, or source-defined value",Operational Framework for Rashtriya Kishor Swasthya Karyakram (RKSK),"Exhibits 2.02 and 2.03: Goal, outcome, output and programme/service-delivery indicators",AHD-05,PDF pages 22–26,Community; facility; block; district; state; national,Community/facility,,No reviewed main-registry crosswalk yet,https://nhm.gov.in/images/pdf/programmes/RKSK/RKSK_Operational_Framework.pdf
IND-RMNCHA2-155,Percentage of parents who were sensitized through IPC/ Orientation/ discussion during AHD (out of total no. of parents who attended the AHD),Verbatim source-table label,Adolescent Health Day,,Percentage/proportion,%,(numerator ÷ denominator) × 100,Parents who attended AHD,Operational Framework for Rashtriya Kishor Swasthya Karyakram (RKSK),"Exhibits 2.02 and 2.03: Goal, outcome, output and programme/service-delivery indicators",AHD-06,PDF pages 22–26,Community; facility; block; district; state; national,Community/facility,,No reviewed main-registry crosswalk yet,https://nhm.gov.in/images/pdf/programmes/RKSK/RKSK_Operational_Framework.pdf
IND-RMNCHA2-156,"Percentage of care-givers (AWWs, teachers) who have been trained on implementation of the Weekly Iron and Folic Acid Supplementation (WIFS)",Verbatim source-table label,Weekly Iron Folic Acid Supplementation,,Percentage/proportion,%,(numerator ÷ denominator) × 100,Care-givers expected to implement WIFS,Operational Framework for Rashtriya Kishor Swasthya Karyakram (RKSK),"Exhibits 2.02 and 2.03: Goal, outcome, output and programme/service-delivery indicators",WIFS-01,PDF pages 22–26,Community; facility; block; district; state; national,Community/facility,,No reviewed main-registry crosswalk yet,https://nhm.gov.in/images/pdf/programmes/RKSK/RKSK_Operational_Framework.pdf
IND-RMNCHA2-157,Coverage of WIFS: percentage of adolescents given 4 or 5 IFA tablets in the reporting month,Verbatim source-table label,Weekly Iron Folic Acid Supplementation,,Percentage/proportion,%,(numerator ÷ denominator) × 100,Adolescents eligible for WIFS in the reporting month,Operational Framework for Rashtriya Kishor Swasthya Karyakram (RKSK),"Exhibits 2.02 and 2.03: Goal, outcome, output and programme/service-delivery indicators",WIFS-02,PDF pages 22–26,Community; facility; block; district; state; national,Community/facility,,No reviewed main-registry crosswalk yet,https://nhm.gov.in/images/pdf/programmes/RKSK/RKSK_Operational_Framework.pdf
IND-RMNCHA2-158,Coverage of Albendazole: Percentage of adolescents given Albendazole tablets in the last six months,Verbatim source-table label,Weekly Iron Folic Acid Supplementation,,Percentage/proportion,%,(numerator ÷ denominator) × 100,Adolescents eligible for Albendazole in the last six months,Operational Framework for Rashtriya Kishor Swasthya Karyakram (RKSK),"Exhibits 2.02 and 2.03: Goal, outcome, output and programme/service-delivery indicators",WIFS-03,PDF pages 22–26,Community; facility; block; district; state; national,Community/facility,,No reviewed main-registry crosswalk yet,https://nhm.gov.in/images/pdf/programmes/RKSK/RKSK_Operational_Framework.pdf
IND-RMNCHA2-159,Percentage of distribution points for WIFS reporting IFA stock-out,Verbatim source-table label,Weekly Iron Folic Acid Supplementation,,Percentage/proportion,%,(numerator ÷ denominator) × 100,WIFS distribution points reporting,Operational Framework for Rashtriya Kishor Swasthya Karyakram (RKSK),"Exhibits 2.02 and 2.03: Goal, outcome, output and programme/service-delivery indicators",WIFS-04,PDF pages 22–26,Community; facility; block; district; state; national,Community/facility,,No reviewed main-registry crosswalk yet,https://nhm.gov.in/images/pdf/programmes/RKSK/RKSK_Operational_Framework.pdf
IND-RMNCHA2-160,Number of adolescent girls provided free sanitary packs,Verbatim source-table label,Menstrual Hygiene Scheme,,Count,count,Source-defined aggregation or count,"Not applicable—absolute count, source reporting element, or source-defined value",Operational Framework for Rashtriya Kishor Swasthya Karyakram (RKSK),"Exhibits 2.02 and 2.03: Goal, outcome, output and programme/service-delivery indicators",MHS-01,PDF pages 22–26,Community; facility; block; district; state; national,Community/facility,,No reviewed main-registry crosswalk yet,https://nhm.gov.in/images/pdf/programmes/RKSK/RKSK_Operational_Framework.pdf
IND-RMNCHA2-161,Number of sanitary packs distributed to adolescents,Verbatim source-table label,Menstrual Hygiene Scheme,,Count,count,Source-defined aggregation or count,"Not applicable—absolute count, source reporting element, or source-defined value",Operational Framework for Rashtriya Kishor Swasthya Karyakram (RKSK),"Exhibits 2.02 and 2.03: Goal, outcome, output and programme/service-delivery indicators",MHS-02,PDF pages 22–26,Community; facility; block; district; state; national,Community/facility,,No reviewed main-registry crosswalk yet,https://nhm.gov.in/images/pdf/programmes/RKSK/RKSK_Operational_Framework.pdf
